"time","day","lat","lon","mag","basho"
"16/04/20 13:47",20,33,131.11,1.4,"阿蘇山周辺"
"16/04/20 13:45",20,32.79,130.95,1.6,"阿蘇山周辺"
"16/04/20 13:42",20,33.04,131.14,1.4,"熊本県北東部・大分県境付近"
"16/04/20 13:31",20,32.66,130.67,2.6,"熊本県中部"
"16/04/20 13:30",20,32.62,130.68,0.9,"熊本県中部"
"16/04/20 13:27",20,32.55,130.55,1,"八代海・熊本県南西部"
"16/04/20 13:26",20,32.16,130.51,1.8,"八代海・熊本県南西部"
"16/04/20 13:26",20,32.19,130.48,1.6,"八代海・熊本県南西部"
"16/04/20 13:22",20,32.92,130.99,2.2,"阿蘇山周辺"
"16/04/20 13:14",20,32.57,131.55,2.6,"宮崎県北部"
"16/04/20 13:07",20,32.59,130.65,1.1,"熊本県中部"
"16/04/20 13:04",20,33.28,131.41,1.9,"別府付近"
"16/04/20 13:03",20,32.87,130.84,1.7,"熊本県北部"
"16/04/20 12:47",20,32.96,131.1,2.4,"阿蘇山周辺"
"16/04/20 12:38",20,32.89,130.91,1.4,"阿蘇山周辺"
"16/04/20 12:38",20,32.83,130.85,1.5,"熊本県北部"
"16/04/20 12:34",20,32.97,131.12,1.3,"阿蘇山周辺"
"16/04/20 12:33",20,32.71,130.68,3.2,"熊本県中部"
"16/04/20 12:31",20,32.92,131.03,1.7,"阿蘇山周辺"
"16/04/20 12:26",20,32.51,130.62,0.9,"熊本県中部"
"16/04/20 12:21",20,33.05,131.14,1.2,"熊本県北東部・大分県境付近"
"16/04/20 12:20",20,32.59,130.69,2.5,"熊本県中部"
"16/04/20 12:18",20,32.6,130.68,3,"熊本県中部"
"16/04/20 12:15",20,32.93,131,1.4,"阿蘇山周辺"
"16/04/20 12:08",20,32,131.01,1.4,"宮崎県南西部"
"16/04/20 12:05",20,32.6,130.68,3.4,"熊本県中部"
"16/04/20 12:03",20,32.82,130.69,1.2,"熊本県北部"
"16/04/20 12:02",20,32.66,130.72,2,"熊本県中部"
"16/04/20 11:58",20,32.74,130.77,1.4,"熊本県中部"
"16/04/20 11:58",20,32.66,130.73,2.8,"熊本県中部"
"16/04/20 11:56",20,32.83,130.77,1.3,"熊本県北部"
"16/04/20 11:40",20,32.66,130.7,1.5,"熊本県中部"
"16/04/20 11:39",20,33.27,131.37,2,"大分県東部"
"16/04/20 11:37",20,32.64,130.7,1.1,"熊本県中部"
"16/04/20 11:32",20,32.7,130.66,1,"熊本県中部"
"16/04/20 11:24",20,32.59,131.32,3,"宮崎県北部"
"16/04/20 11:20",20,32.92,130.87,2.3,"阿蘇山周辺"
"16/04/20 11:19",20,32.75,130.76,1.6,"熊本県北部"
"16/04/20 11:19",20,32.75,130.76,1.7,"熊本県中部"
"16/04/20 11:10",20,32.79,130.81,1.6,"熊本県北部"
"16/04/20 10:59",20,32.57,130.66,2.1,"熊本県中部"
"16/04/20 10:43",20,33.01,131.22,2.8,"熊本県北東部・大分県境付近"
"16/04/20 10:36",20,32.87,130.89,1.5,"阿蘇山周辺"
"16/04/20 10:21",20,32.69,130.59,1.5,"熊本県中部"
"16/04/20 10:17",20,32.55,130.64,2.6,"熊本県中部"
"16/04/20 10:11",20,32.78,130.74,2.3,"熊本県北部"
"16/04/20 09:55",20,32.64,130.7,2.6,"熊本県中部"
"16/04/20 09:47",20,32.56,130.67,1.8,"熊本県中部"
"16/04/20 09:46",20,32.58,130.65,1.9,"熊本県中部"
"16/04/20 09:39",20,32.86,130.81,2.3,"熊本県北部"
"16/04/20 09:33",20,32.7,130.65,2.6,"熊本県中部"
"16/04/20 09:24",20,33.05,131.15,2.8,"熊本県北東部・大分県境付近"
"16/04/20 09:20",20,32.73,130.75,1.2,"熊本県中部"
"16/04/20 09:05",20,32.61,130.67,1.6,"熊本県中部"
"16/04/20 09:04",20,32.6,130.68,2.2,"熊本県中部"
"16/04/20 08:57",20,32.87,131.12,1.9,"阿蘇山周辺"
"16/04/20 08:45",20,32.96,131.05,1.7,"阿蘇山周辺"
"16/04/20 08:43",20,33.03,131.22,2.3,"熊本県北東部・大分県境付近"
"16/04/20 08:39",20,33.02,131.18,1.2,"熊本県北東部・大分県境付近"
"16/04/20 08:30",20,32.85,130.85,1.2,"熊本県北部"
"16/04/20 08:19",20,32.97,131.09,1.6,"阿蘇山周辺"
"16/04/20 08:19",20,33.27,131.48,1.7,"別府付近"
"16/04/20 08:15",20,33.01,131.11,2.2,"熊本県北東部・大分県境付近"
"16/04/20 08:11",20,32.64,130.71,1.6,"熊本県中部"
"16/04/20 08:04",20,33.32,131.48,1.9,"別府付近"
"16/04/20 07:54",20,32.7,130.65,2.2,"熊本県中部"
"16/04/20 07:52",20,32.98,130.86,2,"阿蘇山周辺"
"16/04/20 07:48",20,33.02,131.19,1.2,"熊本県北東部・大分県境付近"
"16/04/20 07:45",20,32.5,130.61,2.6,"熊本県中部"
"16/04/20 07:42",20,32.59,130.66,2.4,"熊本県中部"
"16/04/20 07:36",20,32.97,131.23,2.7,"阿蘇山周辺"
"16/04/20 07:32",20,32.64,130.68,2.8,"熊本県中部"
"16/04/20 07:30",20,32.87,130.92,3.4,"阿蘇山周辺"
"16/04/20 07:25",20,32.87,130.88,1.4,"阿蘇山周辺"
"16/04/20 07:16",20,32.87,130.61,2.2,"熊本県北部"
"16/04/20 07:15",20,32.92,131.03,1.8,"阿蘇山周辺"
"16/04/20 07:10",20,32.57,130.67,1.8,"熊本県中部"
"16/04/20 07:09",20,32.99,131.09,1.3,"阿蘇山周辺"
"16/04/20 07:07",20,32.91,130.89,2.2,"阿蘇山周辺"
"16/04/20 07:00",20,32.91,131.13,2.1,"阿蘇山周辺"
"16/04/20 06:59",20,32.86,130.87,1.5,"阿蘇山周辺"
"16/04/20 06:59",20,32.85,130.88,1.6,"阿蘇山周辺"
"16/04/20 06:56",20,32.85,130.89,1.4,"阿蘇山周辺"
"16/04/20 06:45",20,32.54,130.65,2.5,"熊本県中部"
"16/04/20 06:39",20,32.58,130.69,2.2,"熊本県中部"
"16/04/20 06:25",20,33,130.98,2.8,"阿蘇山周辺"
"16/04/20 06:20",20,32.57,130.65,1.3,"熊本県中部"
"16/04/20 06:10",20,32.56,130.64,1.1,"熊本県中部"
"16/04/20 06:06",20,33,131.03,2.1,"熊本県北東部・大分県境付近"
"16/04/20 05:59",20,33.02,131.18,2.9,"熊本県北東部・大分県境付近"
"16/04/20 05:58",20,32.68,130.7,1.5,"熊本県中部"
"16/04/20 05:58",20,32.77,130.75,1.8,"熊本県北部"
"16/04/20 05:48",20,33.06,131.14,1.8,"熊本県北東部・大分県境付近"
"16/04/20 05:47",20,32.67,130.76,1.6,"熊本県中部"
"16/04/20 05:46",20,33.04,131.19,0.6,"熊本県北東部・大分県境付近"
"16/04/20 05:36",20,32.99,131.12,2.2,"阿蘇山周辺"
"16/04/20 05:35",20,32.83,130.86,1.7,"阿蘇山周辺"
"16/04/20 05:28",20,32.58,130.71,1.6,"熊本県中部"
"16/04/20 05:24",20,32.74,130.79,1.8,"熊本県中部"
"16/04/20 05:21",20,32.8,130.82,1.1,"熊本県北部"
"16/04/20 05:16",20,32.53,130.8,2,"熊本県中部"
"16/04/20 05:10",20,32.65,130.74,2.3,"熊本県中部"
"16/04/20 05:08",20,32.51,130.62,1.3,"熊本県中部"
"16/04/20 04:57",20,32.56,130.65,1.7,"熊本県中部"
"16/04/20 04:55",20,32.66,130.69,1.5,"熊本県中部"
"16/04/20 04:48",20,32.51,130.63,1.7,"熊本県中部"
"16/04/20 04:46",20,32.63,130.72,1.6,"熊本県中部"
"16/04/20 04:42",20,32.62,130.68,2.4,"熊本県中部"
"16/04/20 04:41",20,32.78,130.75,1.2,"熊本県北部"
"16/04/20 04:38",20,32.79,130.73,1.3,"熊本県北部"
"16/04/20 04:35",20,32.47,130.55,3,"八代海・熊本県南西部"
"16/04/20 04:33",20,32.94,131.11,2.1,"阿蘇山周辺"
"16/04/20 04:32",20,32.52,130.61,1,"熊本県中部"
"16/04/20 04:30",20,32.99,131.08,1.1,"阿蘇山周辺"
"16/04/20 04:27",20,32.58,130.66,1.1,"熊本県中部"
"16/04/20 04:23",20,33.27,131.34,1.8,"大分県西部"
"16/04/20 04:18",20,32.85,130.89,1.5,"阿蘇山周辺"
"16/04/20 04:17",20,33.27,131.35,1.5,"大分県西部"
"16/04/20 04:09",20,32.81,131.02,1.8,"阿蘇山周辺"
"16/04/20 04:09",20,32.78,130.74,1.2,"熊本県北部"
"16/04/20 04:09",20,32.78,130.74,1.4,"熊本県北部"
"16/04/20 04:07",20,32.63,130.74,1.9,"熊本県中部"
"16/04/20 03:58",20,32.68,130.68,1.7,"熊本県中部"
"16/04/20 03:58",20,32.67,130.7,1.9,"熊本県中部"
"16/04/20 03:54",20,32.73,130.81,2.4,"熊本県中部"
"16/04/20 03:48",20,33.29,131.49,1.2,"別府付近"
"16/04/20 03:44",20,32.87,130.83,2.5,"熊本県北部"
"16/04/20 03:38",20,32.84,130.98,4.8,"阿蘇山周辺"
"16/04/20 03:36",20,32.64,130.71,1.4,"熊本県中部"
"16/04/20 03:34",20,32.54,130.64,2,"熊本県中部"
"16/04/20 03:30",20,32.59,130.67,2,"熊本県中部"
"16/04/20 03:28",20,32.78,130.73,2.5,"熊本県北部"
"16/04/20 03:25",20,32.54,130.64,1.5,"熊本県中部"
"16/04/20 03:11",20,32.63,131.12,1.8,"熊本県中部"
"16/04/20 03:01",20,32.59,130.68,1.6,"熊本県中部"
"16/04/20 02:54",20,32.21,130.36,1.9,"八代海・熊本県南西部"
"16/04/20 02:51",20,32.69,130.71,1.7,"熊本県中部"
"16/04/20 02:44",20,32.68,130.76,3.3,"熊本県中部"
"16/04/20 02:41",20,32.53,130.63,1.8,"熊本県中部"
"16/04/20 02:40",20,32.69,130.74,1.5,"熊本県中部"
"16/04/20 02:35",20,33.01,130.23,2.3,"有明海・福岡熊本県境付近"
"16/04/20 02:34",20,33.03,131.2,2,"熊本県北東部・大分県境付近"
"16/04/20 02:25",20,32.87,130.84,1.4,"熊本県北部"
"16/04/20 02:22",20,32.69,130.74,1.6,"熊本県中部"
"16/04/20 02:13",20,32.54,130.65,1.5,"熊本県中部"
"16/04/20 02:10",20,32.75,130.76,1.6,"熊本県北部"
"16/04/20 02:09",20,32.72,130.72,1.3,"熊本県中部"
"16/04/20 01:57",20,33.04,131.17,1.7,"熊本県北東部・大分県境付近"
"16/04/20 01:50",20,32.74,130.7,2.3,"熊本県中部"
"16/04/20 01:46",20,32.76,130.81,1.4,"熊本県北部"
"16/04/20 01:41",20,32.8,130.78,1.5,"熊本県北部"
"16/04/20 01:34",20,32.68,130.67,1.6,"熊本県中部"
"16/04/20 01:34",20,32.67,130.66,1.6,"熊本県中部"
"16/04/20 01:21",20,32.83,130.84,1.4,"熊本県北部"
"16/04/20 01:19",20,32.93,131.02,1.5,"阿蘇山周辺"
"16/04/20 01:16",20,32.83,130.82,1.5,"熊本県北部"
"16/04/20 01:12",20,33.28,131.41,1.1,"別府付近"
"16/04/20 01:06",20,32.58,130.66,2.4,"熊本県中部"
"16/04/20 01:02",20,32.75,130.74,2.2,"熊本県中部"
"16/04/20 00:57",20,32.69,130.72,1.4,"熊本県中部"
"16/04/20 00:54",20,32.63,130.62,2,"熊本県中部"
"16/04/20 00:49",20,32.87,130.84,1.6,"熊本県北部"
"16/04/20 00:46",20,32.54,130.64,3.5,"熊本県中部"
"16/04/20 00:41",20,32.54,130.65,2.9,"熊本県中部"
"16/04/20 00:41",20,32.7,130.73,1.5,"熊本県中部"
"16/04/20 00:29",20,32.66,131.05,4.7,"熊本県中部"
"16/04/20 00:27",20,32.66,130.73,2.5,"熊本県中部"
"16/04/20 00:13",20,32.52,130.62,1.1,"熊本県中部"
"16/04/20 00:10",20,32.54,130.64,1.3,"熊本県中部"
"16/04/20 00:08",20,32.65,130.69,1.1,"熊本県中部"
"16/04/20 00:04",20,32.73,130.98,3,"熊本県中部"
"16/04/20 00:02",20,32.53,130.62,2.9,"熊本県中部"
"16/04/19 23:50",19,33.02,131.09,1.9,"熊本県北東部・大分県境付近"
"16/04/19 23:35",19,32.84,130.86,1.2,"阿蘇山周辺"
"16/04/19 23:31",19,32.65,130.67,1.3,"熊本県中部"
"16/04/19 23:27",19,33.05,131.21,1.3,"九重付近"
"16/04/19 23:20",19,32.75,130.79,2.5,"熊本県北部"
"16/04/19 23:19",19,32.87,130.86,1.9,"阿蘇山周辺"
"16/04/19 23:19",19,32.86,130.86,2.1,"阿蘇山周辺"
"16/04/19 23:13",19,33.05,131.14,1.2,"熊本県北東部・大分県境付近"
"16/04/19 23:12",19,33.06,131.14,1.5,"熊本県北東部・大分県境付近"
"16/04/19 23:11",19,32.7,130.71,2.1,"熊本県中部"
"16/04/19 22:49",19,33.02,131.23,1.9,"熊本県北東部・大分県境付近"
"16/04/19 22:45",19,32.98,131.09,1.4,"阿蘇山周辺"
"16/04/19 22:30",19,32.88,130.88,2.4,"阿蘇山周辺"
"16/04/19 22:29",19,32.91,130.7,1.8,"熊本県北部"
"16/04/19 22:26",19,32.69,130.73,3.9,"熊本県中部"
"16/04/19 22:20",19,32.79,130.8,1.6,"熊本県北部"
"16/04/19 22:19",19,33.01,131.2,2.2,"熊本県北東部・大分県境付近"
"16/04/19 22:17",19,33.29,131.46,1.2,"別府付近"
"16/04/19 22:08",19,32.73,130.66,1.6,"熊本県中部"
"16/04/19 21:59",19,32.58,130.68,1.9,"熊本県中部"
"16/04/19 21:34",19,33,131.11,1.2,"阿蘇山周辺"
"16/04/19 21:31",19,32.74,130.99,2.8,"熊本県中部"
"16/04/19 21:09",19,33,131.06,2.1,"阿蘇山周辺"
"16/04/19 20:56",19,32.45,130.64,2.2,"熊本県南部"
"16/04/19 20:47",19,32.8,130.74,5.1,"熊本県北部"
"16/04/19 20:46",19,33,131.21,0.9,"熊本県北東部・大分県境付近"
"16/04/19 20:45",19,32.57,130.68,1.6,"熊本県中部"
"16/04/19 20:44",19,33.02,131.23,1.5,"熊本県北東部・大分県境付近"
"16/04/19 20:41",19,32.79,130.78,1.3,"熊本県北部"
"16/04/19 20:40",19,32.79,130.76,1.7,"熊本県北部"
"16/04/19 20:38",19,32.61,130.68,1.5,"熊本県中部"
"16/04/19 20:16",19,33.01,131.18,1.8,"熊本県北東部・大分県境付近"
"16/04/19 20:15",19,32.8,130.82,1.6,"熊本県北部"
"16/04/19 20:10",19,33,131.04,1.2,"熊本県北東部・大分県境付近"
"16/04/19 20:08",19,33,131.2,1.2,"阿蘇山周辺"
"16/04/19 19:50",19,32.55,130.65,1.5,"熊本県中部"
"16/04/19 19:42",19,32.51,130.63,2.4,"熊本県中部"
"16/04/19 19:34",19,33.01,131.18,1.6,"熊本県北東部・大分県境付近"
"16/04/19 19:32",19,32.66,130.7,2.1,"熊本県中部"
"16/04/19 19:26",19,32.52,130.63,1.8,"熊本県中部"
"16/04/19 19:21",19,32.99,131.18,1.4,"阿蘇山周辺"
"16/04/19 19:17",19,32.72,130.72,2,"熊本県中部"
"16/04/19 19:16",19,32.78,130.79,2.7,"熊本県北部"
"16/04/19 19:14",19,33.04,131.2,2.3,"熊本県北東部・大分県境付近"
"16/04/19 19:06",19,33.3,130.81,1.6,"福岡県中南部"
"16/04/19 19:05",19,32.66,130.66,1.3,"熊本県中部"
"16/04/19 19:05",19,32.98,131.05,1.3,"阿蘇山周辺"
"16/04/19 19:01",19,33.23,131.5,2.6,"大分県東部"
"16/04/19 18:56",19,32.81,130.68,1.3,"熊本県北部"
"16/04/19 18:43",19,32.69,130.75,1.6,"熊本県中部"
"16/04/19 18:41",19,32.43,130.64,3,"熊本県南部"
"16/04/19 18:35",19,32.67,130.76,2,"熊本県中部"
"16/04/19 18:28",19,32.6,130.7,1.3,"熊本県中部"
"16/04/19 18:13",19,32.51,130.62,1.9,"熊本県中部"
"16/04/19 17:56",19,32.67,130.63,2.6,"熊本県中部"
"16/04/19 17:43",19,32.89,130.78,1.5,"熊本県北部"
"16/04/19 17:30",19,33.06,131.2,1.4,"九重付近"
"16/04/19 17:27",19,33.01,131.15,1.3,"熊本県北東部・大分県境付近"
"16/04/19 17:27",19,33.02,131.16,1.5,"熊本県北東部・大分県境付近"
"16/04/19 17:24",19,32.64,130.67,2,"熊本県中部"
"16/04/19 17:20",19,32.79,130.75,2.3,"熊本県北部"
"16/04/19 17:19",19,32.65,130.67,1.8,"熊本県中部"
"16/04/19 17:02",19,33.11,131.18,2.2,"九重付近"
"16/04/19 17:01",19,32.79,130.78,1.4,"熊本県北部"
"16/04/19 17:00",19,33.22,131.44,1.4,"大分県東部"
"16/04/19 17:00",19,32.79,130.74,1.5,"熊本県北部"
"16/04/19 16:55",19,32.78,130.73,1.4,"熊本県北部"
"16/04/19 16:52",19,32.81,130.59,1.5,"熊本県北部"
"16/04/19 16:49",19,32.5,130.59,1.2,"八代海・熊本県南西部"
"16/04/19 16:41",19,32.72,130.7,2.5,"熊本県中部"
"16/04/19 16:36",19,32.73,130.69,1.6,"熊本県中部"
"16/04/19 16:34",19,33,131.21,1.1,"阿蘇山周辺"
"16/04/19 16:32",19,33.1,130.72,1.9,"熊本県北部"
"16/04/19 16:31",19,32.99,131.09,1.1,"阿蘇山周辺"
"16/04/19 16:28",19,32.99,131.1,2.2,"阿蘇山周辺"
"16/04/19 16:26",19,32.95,131.02,2.5,"阿蘇山周辺"
"16/04/19 16:25",19,32.85,130.88,1.9,"阿蘇山周辺"
"16/04/19 16:08",19,32.66,130.73,2.1,"熊本県中部"
"16/04/19 16:01",19,33.27,131.34,1.2,"大分県西部"
"16/04/19 15:58",19,32.57,130.66,2.7,"熊本県中部"
"16/04/19 15:46",19,32.67,130.75,1.9,"熊本県中部"
"16/04/19 15:41",19,32.73,130.89,2.2,"熊本県中部"
"16/04/19 15:38",19,32.97,131.04,1.8,"阿蘇山周辺"
"16/04/19 15:35",19,32.84,130.72,1.4,"熊本県北部"
"16/04/19 15:29",19,32.65,130.66,2.9,"熊本県中部"
"16/04/19 15:26",19,32.65,130.7,2,"熊本県中部"
"16/04/19 15:26",19,32.66,130.71,1.7,"熊本県中部"
"16/04/19 15:23",19,32.98,131.12,2.2,"阿蘇山周辺"
"16/04/19 15:19",19,32.93,130.8,2,"熊本県北部"
"16/04/19 15:17",19,32.88,130.85,2.6,"熊本県北部"
"16/04/19 15:05",19,33,131.19,4.1,"阿蘇山周辺"
"16/04/19 15:04",19,32.91,130.95,2.9,"阿蘇山周辺"
"16/04/19 14:59",19,32.54,130.65,1.9,"熊本県中部"
"16/04/19 14:57",19,33.01,131.21,3.5,"熊本県北東部・大分県境付近"
"16/04/19 14:47",19,32.67,130.71,1.8,"熊本県中部"
"16/04/19 14:42",19,33.01,130.87,2.1,"阿蘇山周辺"
"16/04/19 14:43",19,32.67,130.7,1.4,"熊本県中部"
"16/04/19 14:32",19,32.66,130.75,2,"熊本県中部"
"16/04/19 14:31",19,33.01,131.22,1,"熊本県北東部・大分県境付近"
"16/04/19 14:29",19,32.87,130.42,2.1,"雲仙（島原半島）"
"16/04/19 14:19",19,32.63,130.71,1.4,"熊本県中部"
"16/04/19 14:14",19,33.02,131.19,3.6,"熊本県北東部・大分県境付近"
"16/04/19 14:05",19,32.79,130.63,3.9,"熊本県北部"
"16/04/19 13:59",19,32.74,130.75,2.2,"熊本県中部"
"16/04/19 13:53",19,32.62,130.67,1.9,"熊本県中部"
"16/04/19 13:51",19,32.62,130.69,1.2,"熊本県中部"
"16/04/19 13:48",19,32.81,130.63,1.5,"熊本県北部"
"16/04/19 13:47",19,32.68,130.76,1.5,"熊本県中部"
"16/04/19 13:44",19,33.01,131.14,1.3,"熊本県北東部・大分県境付近"
"16/04/19 13:38",19,32.97,131.11,2.3,"阿蘇山周辺"
"16/04/19 13:37",19,32.97,131.08,2.1,"阿蘇山周辺"
"16/04/19 13:37",19,32.81,130.72,1.9,"熊本県北部"
"16/04/19 13:35",19,32.7,130.78,3.5,"熊本県中部"
"16/04/19 13:34",19,32.7,130.68,1.5,"熊本県中部"
"16/04/19 13:31",19,32.8,130.81,1.1,"熊本県北部"
"16/04/19 13:28",19,32.72,130.68,1.8,"熊本県中部"
"16/04/19 13:18",19,32.78,130.78,1.9,"熊本県北部"
"16/04/19 13:14",19,32.62,130.7,1.7,"熊本県中部"
"16/04/19 13:09",19,33.07,130.88,2.1,"大分県西部"
"16/04/19 13:08",19,33.29,131.48,2,"別府付近"
"16/04/19 12:59",19,32.99,131.1,1.6,"阿蘇山周辺"
"16/04/19 12:57",19,32.96,131.04,1.8,"阿蘇山周辺"
"16/04/19 12:50",19,32.77,130.75,2.6,"熊本県北部"
"16/04/19 12:46",19,32.78,130.75,1.3,"熊本県北部"
"16/04/19 12:44",19,32.9,131.26,2.1,"大分県西部"
"16/04/19 12:42",19,32.65,130.7,1.1,"熊本県中部"
"16/04/19 12:37",19,33.24,131.32,2.4,"大分県西部"
"16/04/19 12:36",19,32.86,130.93,1.5,"阿蘇山周辺"
"16/04/19 12:30",19,33.04,131.19,1.8,"熊本県北東部・大分県境付近"
"16/04/19 12:28",19,32.57,130.66,1.6,"熊本県中部"
"16/04/19 12:23",19,32.7,130.79,1.9,"熊本県中部"
"16/04/19 12:05",19,32.79,130.75,1.6,"熊本県北部"
"16/04/19 12:04",19,32.81,130.69,1.5,"熊本県北部"
"16/04/19 12:00",19,32.63,130.72,1.5,"熊本県中部"
"16/04/19 11:57",19,32.58,130.65,1.1,"熊本県中部"
"16/04/19 11:54",19,33.35,130.64,2.5,"福岡県中南部"
"16/04/19 11:53",19,32.65,130.66,1.7,"熊本県中部"
"16/04/19 11:52",19,32.8,130.75,2.9,"熊本県北部"
"16/04/19 11:42",19,32.86,130.9,1.7,"阿蘇山周辺"
"16/04/19 11:38",19,33.18,130.82,2.1,"福岡県中南部"
"16/04/19 11:38",19,32.67,130.78,1.7,"熊本県中部"
"16/04/19 11:34",19,32.78,130.52,1.9,"熊本県北部"
"16/04/19 11:31",19,32.81,130.81,2.8,"熊本県北部"
"16/04/19 11:23",19,32.64,130.7,2.9,"熊本県中部"
"16/04/19 11:22",19,32.86,130.87,2.2,"阿蘇山周辺"
"16/04/19 11:20",19,32.85,130.84,1.4,"熊本県北部"
"16/04/19 11:18",19,32.96,131.17,1.7,"阿蘇山周辺"
"16/04/19 11:16",19,32.97,131.13,1.7,"阿蘇山周辺"
"16/04/19 11:16",19,32.97,131.14,1.6,"阿蘇山周辺"
"16/04/19 11:16",19,33.44,131.35,2.4,"大分県西部"
"16/04/19 11:13",19,32.74,130.54,3.4,"熊本県中部"
"16/04/19 11:12",19,32.69,130.72,1.8,"熊本県中部"
"16/04/19 11:08",19,32.98,131.07,2.7,"阿蘇山周辺"
"16/04/19 11:06",19,32.63,130.69,1.9,"熊本県中部"
"16/04/19 11:05",19,32.76,130.72,1.9,"熊本県北部"
"16/04/19 11:04",19,32.76,130.78,2.9,"熊本県北部"
"16/04/19 11:02",19,32.64,130.69,1.3,"熊本県中部"
"16/04/19 11:01",19,32.68,130.77,1.3,"熊本県中部"
"16/04/19 10:58",19,32.94,131.1,2,"阿蘇山周辺"
"16/04/19 10:56",19,32.54,130.64,1.3,"熊本県中部"
"16/04/19 10:52",19,33.01,131.16,1.9,"熊本県北東部・大分県境付近"
"16/04/19 10:51",19,32.98,131.1,1.9,"阿蘇山周辺"
"16/04/19 10:41",19,32.88,130.84,1.5,"熊本県北部"
"16/04/19 10:41",19,32.94,130.92,1.7,"阿蘇山周辺"
"16/04/19 10:39",19,33.02,131.22,1.2,"熊本県北東部・大分県境付近"
"16/04/19 10:32",19,32.66,130.76,3.7,"熊本県中部"
"16/04/19 10:26",19,33.06,131.16,1.5,"九重付近"
"16/04/19 10:25",19,32.99,131.2,1.1,"阿蘇山周辺"
"16/04/19 10:22",19,32.55,130.7,2.1,"熊本県中部"
"16/04/19 10:19",19,33.01,131.17,1.8,"熊本県北東部・大分県境付近"
"16/04/19 10:06",19,32.99,131.18,2,"阿蘇山周辺"
"16/04/19 09:59",19,33.19,130.03,2.3,"有明海西岸"
"16/04/19 09:57",19,33.28,131.36,1.6,"大分県東部"
"16/04/19 09:55",19,32.67,130.72,2.8,"熊本県中部"
"16/04/19 09:53",19,32.63,130.72,1.1,"熊本県中部"
"16/04/19 09:48",19,33.25,131.35,1.9,"大分県西部"
"16/04/19 09:36",19,33,131.2,1.8,"熊本県北東部・大分県境付近"
"16/04/19 09:35",19,32.68,130.68,1,"熊本県中部"
"16/04/19 09:33",19,32.81,130.97,2.1,"阿蘇山周辺"
"16/04/19 09:13",19,32.73,130.54,2.6,"熊本県中部"
"16/04/19 09:11",19,33,131.19,2,"阿蘇山周辺"
"16/04/19 09:01",19,32.56,130.64,1.6,"熊本県中部"
"16/04/19 08:59",19,33.01,131.07,3.3,"熊本県北東部・大分県境付近"
"16/04/19 08:55",19,33.02,131.34,2,"大分県西部"
"16/04/19 08:54",19,32.86,130.9,1.3,"阿蘇山周辺"
"16/04/19 08:41",19,33.02,131.22,1.5,"熊本県北東部・大分県境付近"
"16/04/19 08:40",19,33.02,131.19,1.4,"熊本県北東部・大分県境付近"
"16/04/19 08:38",19,33.05,131.14,2.7,"熊本県北東部・大分県境付近"
"16/04/19 08:36",19,32.88,130.86,1.7,"阿蘇山周辺"
"16/04/19 08:35",19,32.65,130.73,1.8,"熊本県中部"
"16/04/19 08:26",19,32.64,130.68,2.4,"熊本県中部"
"16/04/19 08:24",19,33.01,131.13,2,"熊本県北東部・大分県境付近"
"16/04/19 08:15",19,33.02,131.08,2.4,"熊本県北東部・大分県境付近"
"16/04/19 08:11",19,33.05,131.14,2.1,"熊本県北東部・大分県境付近"
"16/04/19 07:57",19,32.62,130.72,1.7,"熊本県中部"
"16/04/19 07:54",19,32.92,131.47,2,"大分県東部"
"16/04/19 07:42",19,32.69,130.74,1.7,"熊本県中部"
"16/04/19 07:32",19,33.03,131.18,1.9,"熊本県北東部・大分県境付近"
"16/04/19 07:27",19,32.98,131.04,1.4,"阿蘇山周辺"
"16/04/19 07:12",19,32.71,130.75,2.4,"熊本県中部"
"16/04/19 07:09",19,32.95,131.08,1.2,"阿蘇山周辺"
"16/04/19 07:09",19,32.86,130.86,1.6,"阿蘇山周辺"
"16/04/19 07:08",19,32.87,130.86,1.8,"阿蘇山周辺"
"16/04/19 07:07",19,32.92,131,2,"阿蘇山周辺"
"16/04/19 06:59",19,32.69,130.66,2,"熊本県中部"
"16/04/19 06:35",19,32.75,130.77,1.6,"熊本県北部"
"16/04/19 06:31",19,33.02,131.19,2.5,"熊本県北東部・大分県境付近"
"16/04/19 06:29",19,33.03,131.19,1.8,"熊本県北東部・大分県境付近"
"16/04/19 06:29",19,33.02,131.19,1.8,"熊本県北東部・大分県境付近"
"16/04/19 06:24",19,32.68,130.73,1.7,"熊本県中部"
"16/04/19 06:23",19,33.03,131.18,2.7,"熊本県北東部・大分県境付近"
"16/04/19 06:23",19,33.02,131.19,2.6,"熊本県北東部・大分県境付近"
"16/04/19 06:23",19,33.02,131.19,2.6,"熊本県北東部・大分県境付近"
"16/04/19 06:22",19,32.86,131.02,2.7,"阿蘇山周辺"
"16/04/19 06:15",19,32.64,130.74,1.6,"熊本県中部"
"16/04/19 06:14",19,33.26,131.35,1.3,"大分県東部"
"16/04/19 06:09",19,33,131.1,2,"阿蘇山周辺"
"16/04/19 05:59",19,32.7,130.78,1.7,"熊本県中部"
"16/04/19 05:57",19,32.99,131.1,1.8,"阿蘇山周辺"
"16/04/19 05:56",19,32.85,130.83,2.1,"熊本県北部"
"16/04/19 05:54",19,32.81,130.71,1.5,"熊本県北部"
"16/04/19 05:52",19,32.69,130.76,1.7,"熊本県中部"
"16/04/19 05:50",19,32.64,130.78,1.8,"熊本県中部"
"16/04/19 05:45",19,33.02,131.22,1.9,"熊本県北東部・大分県境付近"
"16/04/19 05:41",19,32.99,131.04,2.3,"阿蘇山周辺"
"16/04/19 05:34",19,33.07,131.22,1.7,"九重付近"
"16/04/19 05:29",19,32.83,130.81,1.1,"熊本県北部"
"16/04/19 05:25",19,32.72,130.79,1.6,"熊本県中部"
"16/04/19 05:22",19,32.83,130.82,1.7,"熊本県北部"
"16/04/19 05:19",19,33.03,131.19,2.5,"熊本県北東部・大分県境付近"
"16/04/19 05:06",19,33.06,131.15,1.5,"熊本県北東部・大分県境付近"
"16/04/19 05:01",19,32.87,130.74,1.5,"熊本県北部"
"16/04/19 04:59",19,32.99,131.06,1.7,"阿蘇山周辺"
"16/04/19 04:44",19,33.02,131.2,0.9,"熊本県北東部・大分県境付近"
"16/04/19 04:34",19,32.72,130.95,1.6,"熊本県中部"
"16/04/19 04:34",19,32.95,131.09,1.2,"阿蘇山周辺"
"16/04/19 04:30",19,32.8,130.58,1.2,"熊本県北部"
"16/04/19 04:28",19,32.71,130.76,1.7,"熊本県中部"
"16/04/19 04:25",19,32.65,130.55,2.2,"熊本県中部"
"16/04/19 04:22",19,32.88,130.8,1.6,"熊本県北部"
"16/04/19 04:21",19,32.69,130.73,1.6,"熊本県中部"
"16/04/19 04:16",19,32.63,130.64,0.8,"熊本県中部"
"16/04/19 04:15",19,32.77,131.04,1.9,"阿蘇山周辺"
"16/04/19 04:14",19,32.77,130.76,1.3,"熊本県北部"
"16/04/19 04:11",19,32.72,130.73,2.1,"熊本県中部"
"16/04/19 04:01",19,32.66,130.71,1.4,"熊本県中部"
"16/04/19 03:58",19,33.31,131.5,1.9,"別府付近"
"16/04/19 03:54",19,33.02,131.2,1.5,"熊本県北東部・大分県境付近"
"16/04/19 03:51",19,33.02,131.15,2.7,"熊本県北東部・大分県境付近"
"16/04/19 03:51",19,32.65,130.74,1.4,"熊本県中部"
"16/04/19 03:49",19,32.85,130.84,2.7,"熊本県北部"
"16/04/19 03:46",19,32.54,130.65,2.1,"熊本県中部"
"16/04/19 03:43",19,32.75,130.78,1.8,"熊本県北部"
"16/04/19 03:29",19,32.63,130.7,1.6,"熊本県中部"
"16/04/19 03:16",19,32.74,130.67,1.6,"熊本県中部"
"16/04/19 03:13",19,32.78,130.8,2.9,"熊本県北部"
"16/04/19 03:08",19,32.62,130.68,1.3,"熊本県中部"
"16/04/19 03:02",19,32.99,131.04,1.8,"阿蘇山周辺"
"16/04/19 03:02",19,32.78,130.95,1.9,"阿蘇山周辺"
"16/04/19 02:59",19,32.71,130.64,1.7,"熊本県中部"
"16/04/19 02:57",19,32.86,130.85,3.2,"熊本県北部"
"16/04/19 02:56",19,32.71,130.68,2.6,"熊本県中部"
"16/04/19 02:51",19,32.83,130.81,1.3,"熊本県北部"
"16/04/19 02:51",19,32.83,130.79,1.3,"熊本県北部"
"16/04/19 02:43",19,32.82,130.74,1.9,"熊本県北部"
"16/04/19 02:38",19,32.97,131.08,1.4,"阿蘇山周辺"
"16/04/19 02:36",19,32.86,130.87,1.4,"阿蘇山周辺"
"16/04/19 02:35",19,32.97,131.14,2,"阿蘇山周辺"
"16/04/19 02:32",19,32.79,130.74,1.6,"熊本県北部"
"16/04/19 02:30",19,32.79,130.81,1.5,"熊本県北部"
"16/04/19 02:26",19,32.89,130.96,1.9,"阿蘇山周辺"
"16/04/19 02:24",19,32.98,131.05,1.6,"阿蘇山周辺"
"16/04/19 02:22",19,32.8,130.79,2,"熊本県北部"
"16/04/19 02:20",19,32.72,130.67,1.2,"熊本県中部"
"16/04/19 02:14",19,32.64,130.68,1.1,"熊本県中部"
"16/04/19 02:11",19,33,130.96,2.1,"阿蘇山周辺"
"16/04/19 02:08",19,33.18,131.34,2.7,"大分県西部"
"16/04/19 02:00",19,33.08,131.14,1.9,"熊本県北東部・大分県境付近"
"16/04/19 02:00",19,33.21,131.32,1.9,"大分県西部"
"16/04/19 01:58",19,32.54,130.65,3.3,"熊本県中部"
"16/04/19 01:57",19,32.59,130.68,2.2,"熊本県中部"
"16/04/19 01:50",19,33.02,131.19,3.1,"熊本県北東部・大分県境付近"
"16/04/19 01:41",19,32.67,130.85,1.9,"熊本県中部"
"16/04/19 01:36",19,33.02,131.22,2.1,"熊本県北東部・大分県境付近"
"16/04/19 01:32",19,32.99,131.11,1.1,"阿蘇山周辺"
"16/04/19 01:27",19,32.54,130.65,2.3,"熊本県中部"
"16/04/19 01:20",19,33.04,131.22,2,"熊本県北東部・大分県境付近"
"16/04/19 01:20",19,33.14,131.33,1.8,"大分県西部"
"16/04/19 01:13",19,33.01,131.18,2.7,"熊本県北東部・大分県境付近"
"16/04/19 01:01",19,32.61,130.64,1.8,"熊本県中部"
"16/04/19 01:00",19,32.96,131.17,1.4,"阿蘇山周辺"
"16/04/19 00:54",19,32.73,131.2,2.5,"宮崎県北部"
"16/04/19 00:53",19,33.06,131.14,2.3,"熊本県北東部・大分県境付近"
"16/04/19 00:51",19,33.02,131.14,2,"熊本県北東部・大分県境付近"
"16/04/19 00:50",19,32.64,130.68,2,"熊本県中部"
"16/04/19 00:48",19,32.99,131.18,1.2,"阿蘇山周辺"
"16/04/19 00:47",19,32.54,130.72,1.6,"熊本県中部"
"16/04/19 00:46",19,32.71,130.71,1.5,"熊本県中部"
"16/04/19 00:45",19,32.63,130.68,1.9,"熊本県中部"
"16/04/19 00:44",19,33,131.2,1.6,"熊本県北東部・大分県境付近"
"16/04/19 00:43",19,32.73,130.78,1.6,"熊本県中部"
"16/04/19 00:38",19,32.54,130.66,1.4,"熊本県中部"
"16/04/19 00:37",19,33.26,131.32,1.5,"大分県西部"
"16/04/19 00:36",19,33.02,131.18,1.6,"熊本県北東部・大分県境付近"
"16/04/19 00:35",19,33.01,131.2,1.8,"熊本県北東部・大分県境付近"
"16/04/19 00:19",19,32.8,130.72,2.1,"熊本県北部"
"16/04/19 00:17",19,32.69,130.71,1.5,"熊本県中部"
"16/04/19 00:11",19,32.79,130.73,1.6,"熊本県北部"
"16/04/19 00:09",19,33,131.2,2.3,"阿蘇山周辺"
"16/04/19 00:03",19,32.65,130.68,1.2,"熊本県中部"
"16/04/19 00:01",19,33.02,131.21,1.6,"熊本県北東部・大分県境付近"
"16/04/18 23:53",18,33.05,131.18,1.6,"熊本県北東部・大分県境付近"
"16/04/18 23:52",18,32.92,130.89,1.7,"阿蘇山周辺"
"16/04/18 23:50",18,32.75,130.76,2.2,"熊本県北部"
"16/04/18 23:47",18,33.27,131.38,1.7,"大分県東部"
"16/04/18 23:29",18,33.01,131.21,1.7,"熊本県北東部・大分県境付近"
"16/04/18 23:22",18,33.02,131.21,3.5,"熊本県北東部・大分県境付近"
"16/04/18 23:14",18,32.93,130.71,1.8,"熊本県北部"
"16/04/18 23:12",18,33,131.2,2.3,"熊本県北東部・大分県境付近"
"16/04/18 22:55",18,32.74,130.75,1.2,"熊本県中部"
"16/04/18 22:46",18,33.15,132.46,3.2,"豊後水道"
"16/04/18 22:45",18,33.02,131.19,1.6,"熊本県北東部・大分県境付近"
"16/04/18 22:42",18,33.02,131.21,2,"熊本県北東部・大分県境付近"
"16/04/18 22:38",18,33.02,131.17,1.5,"熊本県北東部・大分県境付近"
"16/04/18 22:29",18,32.74,131.18,2.6,"宮崎県北部"
"16/04/18 22:23",18,33,131.15,2,"熊本県北東部・大分県境付近"
"16/04/18 22:21",18,32.7,130.72,2,"熊本県中部"
"16/04/18 22:21",18,32.84,130.82,1.8,"熊本県北部"
"16/04/18 22:21",18,32.78,130.81,2.1,"熊本県北部"
"16/04/18 22:16",18,32.65,130.69,2.5,"熊本県中部"
"16/04/18 22:09",18,32.86,130.69,2.7,"熊本県北部"
"16/04/18 22:05",18,32.94,130.99,2.2,"阿蘇山周辺"
"16/04/18 22:05",18,33.06,131,2.1,"大分県西部"
"16/04/18 22:04",18,32.92,131.23,2,"阿蘇山周辺"
"16/04/18 22:03",18,32.88,130.78,1.9,"熊本県北部"
"16/04/18 22:03",18,32.79,130.79,1.4,"熊本県北部"
"16/04/18 22:01",18,32.64,130.73,2,"熊本県中部"
"16/04/18 21:45",18,32.53,130.66,1.3,"熊本県中部"
"16/04/18 21:45",18,33.02,131.21,1.9,"熊本県北東部・大分県境付近"
"16/04/18 21:44",18,33,131.23,1.1,"熊本県北東部・大分県境付近"
"16/04/18 21:37",18,32.79,130.76,1.7,"熊本県北部"
"16/04/18 21:37",18,32.82,130.86,1.7,"阿蘇山周辺"
"16/04/18 21:35",18,33,131.19,3.1,"熊本県北東部・大分県境付近"
"16/04/18 21:24",18,33.01,131.21,2.2,"熊本県北東部・大分県境付近"
"16/04/18 21:21",18,33,131.2,2.1,"熊本県北東部・大分県境付近"
"16/04/18 21:20",18,33.15,131.46,2.5,"大分県東部"
"16/04/18 21:15",18,33,131.19,2.3,"阿蘇山周辺"
"16/04/18 21:12",18,32.99,131.19,2.6,"阿蘇山周辺"
"16/04/18 21:07",18,32.65,130.77,2.7,"熊本県中部"
"16/04/18 20:56",18,33.02,131.19,2.7,"熊本県北東部・大分県境付近"
"16/04/18 20:51",18,32.81,130.72,2,"熊本県北部"
"16/04/18 20:47",18,32.85,130.93,3,"阿蘇山周辺"
"16/04/18 20:46",18,33.03,131.22,3.4,"熊本県北東部・大分県境付近"
"16/04/18 20:41",18,33,131.2,5.6,"熊本県北東部・大分県境付近"
"16/04/18 20:39",18,32.67,130.75,1,"熊本県中部"
"16/04/18 20:35",18,32.8,130.75,1.3,"熊本県北部"
"16/04/18 20:34",18,32.81,130.88,1.4,"阿蘇山周辺"
"16/04/18 20:32",18,33.09,130.99,1.5,"大分県西部"
"16/04/18 20:32",18,33.3,131.48,1.2,"別府付近"
"16/04/18 20:25",18,32.82,130.8,1.3,"熊本県北部"
"16/04/18 20:22",18,33.04,131.21,2,"熊本県北東部・大分県境付近"
"16/04/18 20:20",18,32.86,130.86,1.6,"阿蘇山周辺"
"16/04/18 20:15",18,32.72,130.88,1.7,"熊本県中部"
"16/04/18 20:06",18,32.65,130.71,1.4,"熊本県中部"
"16/04/18 20:02",18,32.78,130.75,1.8,"熊本県北部"
"16/04/18 19:59",18,32.84,130.47,1.7,"熊本県北部"
"16/04/18 19:59",18,32.84,130.49,1.6,"熊本県北部"
"16/04/18 19:57",18,32.52,130.74,1.8,"熊本県中部"
"16/04/18 19:49",18,32.93,131.03,1.7,"阿蘇山周辺"
"16/04/18 19:45",18,33.07,131.38,1.9,"大分県東部"
"16/04/18 19:43",18,33.24,131.31,1.5,"大分県西部"
"16/04/18 19:43",18,33.26,131.32,1.1,"大分県西部"
"16/04/18 19:37",18,32.3,130.79,3,"熊本県南部"
"16/04/18 19:37",18,32.99,131.09,1.7,"阿蘇山周辺"
"16/04/18 19:35",18,32.84,130.86,1.7,"阿蘇山周辺"
"16/04/18 19:34",18,32.67,130.89,3.3,"熊本県中部"
"16/04/18 19:33",18,32.99,131.1,1.3,"阿蘇山周辺"
"16/04/18 19:22",18,32.82,130.88,1.6,"阿蘇山周辺"
"16/04/18 19:20",18,32.75,130.81,1.7,"熊本県北部"
"16/04/18 19:13",18,32.82,130.71,1.6,"熊本県北部"
"16/04/18 19:07",18,33.03,131.11,1.5,"熊本県北東部・大分県境付近"
"16/04/18 19:07",18,33.03,131.11,1.4,"熊本県北東部・大分県境付近"
"16/04/18 19:04",18,32.87,130.86,1.1,"阿蘇山周辺"
"16/04/18 18:47",18,33.03,131.09,1.3,"熊本県北東部・大分県境付近"
"16/04/18 18:44",18,32.98,131.09,2,"阿蘇山周辺"
"16/04/18 18:44",18,32.75,130.78,1.6,"熊本県北部"
"16/04/18 18:43",18,32.69,130.74,1.4,"熊本県中部"
"16/04/18 18:41",18,32.86,130.83,1.4,"熊本県北部"
"16/04/18 18:37",18,33.26,131.38,2,"大分県東部"
"16/04/18 18:27",18,32.97,131.01,2.4,"阿蘇山周辺"
"16/04/18 18:23",18,32.78,130.75,2.4,"熊本県北部"
"16/04/18 18:19",18,32.92,131.05,1.3,"阿蘇山周辺"
"16/04/18 18:10",18,32.99,131.1,2.5,"阿蘇山周辺"
"16/04/18 18:07",18,32.65,130.66,1.2,"熊本県中部"
"16/04/18 18:05",18,32.57,130.7,1.8,"熊本県中部"
"16/04/18 18:00",18,32.81,130.67,1.4,"熊本県北部"
"16/04/18 17:56",18,32.85,131.12,1.9,"阿蘇山周辺"
"16/04/18 17:55",18,32.69,130.77,1.4,"熊本県中部"
"16/04/18 17:54",18,33.16,131.09,2,"熊本県北東部・大分県境付近"
"16/04/18 17:53",18,32.94,131,1.2,"阿蘇山周辺"
"16/04/18 17:52",18,32.76,130.62,1.6,"熊本県北部"
"16/04/18 17:47",18,32.79,130.64,2.3,"熊本県北部"
"16/04/18 17:43",18,33.3,131.5,2,"別府付近"
"16/04/18 17:42",18,32.57,131.12,2,"宮崎県北部"
"16/04/18 17:39",18,33.03,131.12,1.7,"熊本県北東部・大分県境付近"
"16/04/18 17:37",18,32.93,131.02,2.5,"阿蘇山周辺"
"16/04/18 17:35",18,32.7,130.73,2.6,"熊本県中部"
"16/04/18 17:33",18,32.82,130.63,1.3,"熊本県北部"
"16/04/18 17:32",18,33.55,132.44,2.4,"伊予灘・四国西部"
"16/04/18 17:29",18,33.3,131.48,1.3,"別府付近"
"16/04/18 17:28",18,32.67,130.7,1.6,"熊本県中部"
"16/04/18 17:26",18,32.87,130.84,1.4,"熊本県北部"
"16/04/18 17:06",18,32.64,130.68,2.4,"熊本県中部"
"16/04/18 17:04",18,33.29,131.48,2.1,"別府付近"
"16/04/18 17:02",18,33.3,131.49,3.9,"別府付近"
"16/04/18 16:58",18,33.3,131.47,1.6,"別府付近"
"16/04/18 16:49",18,33.05,131.14,1.9,"熊本県北東部・大分県境付近"
"16/04/18 16:43",18,32.75,130.49,2.3,"熊本県北部"
"16/04/18 16:42",18,32.77,130.77,1.3,"熊本県北部"
"16/04/18 16:41",18,32.67,130.73,1.4,"熊本県中部"
"16/04/18 16:35",18,32.67,130.81,2.8,"熊本県中部"
"16/04/18 16:26",18,32.78,130.93,2.2,"阿蘇山周辺"
"16/04/18 16:19",18,32.84,130.77,2,"熊本県北部"
"16/04/18 16:18",18,32.85,130.92,1.4,"阿蘇山周辺"
"16/04/18 16:06",18,32.67,130.72,2.8,"熊本県中部"
"16/04/18 15:59",18,33.04,131.18,1.5,"熊本県北東部・大分県境付近"
"16/04/18 15:57",18,32.86,130.87,2.6,"阿蘇山周辺"
"16/04/18 15:52",18,32.5,130.6,2.3,"熊本県中部"
"16/04/18 15:49",18,32.96,131.08,2.4,"阿蘇山周辺"
"16/04/18 15:47",18,32.97,131.13,2.3,"阿蘇山周辺"
"16/04/18 15:41",18,33.01,131.19,1.7,"熊本県北東部・大分県境付近"
"16/04/18 15:38",18,32.73,130.8,1.1,"熊本県中部"
"16/04/18 15:31",18,32.78,130.63,2.8,"熊本県北部"
"16/04/18 15:30",18,32.7,131.75,2.2,"宮崎県北部"
"16/04/18 15:21",18,32.38,130.79,2.2,"熊本県南部"
"16/04/18 15:17",18,32.86,130.83,1.5,"熊本県北部"
"16/04/18 15:05",18,32.81,130.71,1.3,"熊本県北部"
"16/04/18 15:03",18,32.97,131.11,1.9,"阿蘇山周辺"
"16/04/18 14:48",18,32.83,130.89,2.3,"阿蘇山周辺"
"16/04/18 14:46",18,32.31,130.54,2,"八代海・熊本県南西部"
"16/04/18 14:40",18,32.65,130.67,1.2,"熊本県中部"
"16/04/18 14:36",18,32.75,130.79,1.6,"熊本県中部"
"16/04/18 14:31",18,32.98,131.27,2.3,"大分県西部"
"16/04/18 14:31",18,32.65,130.71,1.5,"熊本県中部"
"16/04/18 14:27",18,32.65,130.7,1.6,"熊本県中部"
"16/04/18 14:22",18,33.02,131.14,1.4,"熊本県北東部・大分県境付近"
"16/04/18 14:14",18,32.98,131.1,2.4,"阿蘇山周辺"
"16/04/18 14:09",18,32.96,131.12,1.9,"阿蘇山周辺"
"16/04/18 14:02",18,32.54,130.72,1.5,"熊本県中部"
"16/04/18 13:57",18,32.82,130.9,1.7,"阿蘇山周辺"
"16/04/18 13:55",18,32.64,130.71,1.4,"熊本県中部"
"16/04/18 13:51",18,32.68,130.6,1.4,"熊本県中部"
"16/04/18 13:47",18,32.66,130.68,2.4,"熊本県中部"
"16/04/18 13:45",18,32.67,130.71,1.5,"熊本県中部"
"16/04/18 13:32",18,32.54,130.66,2.2,"熊本県中部"
"16/04/18 13:26",18,32.76,130.58,1.3,"熊本県北部"
"16/04/18 13:25",18,32.71,130.77,1.8,"熊本県中部"
"16/04/18 13:25",18,32.95,130.87,2,"阿蘇山周辺"
"16/04/18 13:23",18,32.97,131.09,1.9,"阿蘇山周辺"
"16/04/18 13:18",18,32.81,130.71,1.2,"熊本県北部"
"16/04/18 13:10",18,32.65,130.69,3,"熊本県中部"
"16/04/18 13:08",18,33.29,131.45,1.2,"別府付近"
"16/04/18 13:07",18,32.98,131.04,1.5,"阿蘇山周辺"
"16/04/18 13:04",18,32.54,130.66,3.8,"熊本県中部"
"16/04/18 13:02",18,32.73,131.02,2.3,"熊本県中部"
"16/04/18 13:00",18,32.81,130.72,2.3,"熊本県北部"
"16/04/18 12:57",18,32.73,130.8,1.6,"熊本県中部"
"16/04/18 12:56",18,32.81,130.79,1.8,"熊本県北部"
"16/04/18 12:53",18,32.66,130.7,1.8,"熊本県中部"
"16/04/18 12:50",18,32.65,130.71,1.8,"熊本県中部"
"16/04/18 12:49",18,33,131.36,2.2,"大分県東部"
"16/04/18 12:39",18,32.76,130.73,1.7,"熊本県北部"
"16/04/18 12:37",18,32.53,130.66,4.1,"熊本県中部"
"16/04/18 12:34",18,32.8,130.79,2.7,"熊本県北部"
"16/04/18 12:32",18,32.73,130.72,2,"熊本県中部"
"16/04/18 12:31",18,32.87,130.84,1.9,"熊本県北部"
"16/04/18 12:28",18,32.78,130.75,1.7,"熊本県北部"
"16/04/18 12:21",18,32.66,130.73,1.7,"熊本県中部"
"16/04/18 12:17",18,33,131.09,2,"熊本県北東部・大分県境付近"
"16/04/18 11:48",18,32.57,130.66,2.4,"熊本県中部"
"16/04/18 11:47",18,32.76,130.77,1.7,"熊本県北部"
"16/04/18 11:40",18,32.78,130.66,1.3,"熊本県北部"
"16/04/18 11:36",18,32.65,130.7,2.8,"熊本県中部"
"16/04/18 11:34",18,32.87,130.75,1.4,"熊本県北部"
"16/04/18 11:30",18,32.66,130.72,2.4,"熊本県中部"
"16/04/18 11:25",18,32.77,130.84,2.5,"熊本県北部"
"16/04/18 11:16",18,32.64,130.73,2.6,"熊本県中部"
"16/04/18 11:15",18,32.78,130.57,2,"熊本県北部"
"16/04/18 11:12",18,32.76,130.58,1.8,"熊本県北部"
"16/04/18 11:08",18,32.69,130.71,1.2,"熊本県中部"
"16/04/18 11:05",18,32.66,130.72,1.7,"熊本県中部"
"16/04/18 10:55",18,33.62,132.44,3.1,"伊予灘・四国西部"
"16/04/18 10:55",18,32.66,130.72,1.7,"熊本県中部"
"16/04/18 10:50",18,33,131.06,1.6,"熊本県北東部・大分県境付近"
"16/04/18 10:48",18,32.55,130.66,1.8,"熊本県中部"
"16/04/18 10:46",18,32.87,130.83,3.2,"熊本県北部"
"16/04/18 10:42",18,33.3,131.46,2.1,"別府付近"
"16/04/18 10:39",18,32.71,130.76,2.4,"熊本県中部"
"16/04/18 10:36",18,32.59,130.68,2.4,"熊本県中部"
"16/04/18 10:30",18,32.68,130.71,2.1,"熊本県中部"
"16/04/18 10:29",18,32.81,130.64,1.6,"熊本県北部"
"16/04/18 10:26",18,32.87,130.9,2,"阿蘇山周辺"
"16/04/18 10:22",18,33.19,131.26,1.9,"大分県西部"
"16/04/18 10:17",18,32.88,130.92,2.4,"阿蘇山周辺"
"16/04/18 10:08",18,32.57,130.65,1.8,"熊本県中部"
"16/04/18 10:07",18,32.75,130.73,3.5,"熊本県中部"
"16/04/18 10:03",18,32.98,131.07,1.9,"阿蘇山周辺"
"16/04/18 09:59",18,32.7,130.72,2.2,"熊本県中部"
"16/04/18 09:50",18,32.78,130.77,2.1,"熊本県北部"
"16/04/18 09:45",18,32.67,130.95,1.6,"熊本県中部"
"16/04/18 09:39",18,33.29,131.37,2,"大分県東部"
"16/04/18 09:38",18,32.64,130.68,1.8,"熊本県中部"
"16/04/18 09:33",18,32.75,130.73,1.9,"熊本県北部"
"16/04/18 09:32",18,32.77,130.81,1.7,"熊本県北部"
"16/04/18 09:29",18,32.72,130.68,1.6,"熊本県中部"
"16/04/18 09:27",18,32.82,130.71,1.6,"熊本県北部"
"16/04/18 09:24",18,32.79,130.78,2.4,"熊本県北部"
"16/04/18 09:20",18,32.78,130.82,2.8,"熊本県北部"
"16/04/18 09:06",18,32.76,130.75,2.1,"熊本県北部"
"16/04/18 09:05",18,32.64,130.68,1.9,"熊本県中部"
"16/04/18 09:04",18,32.9,131.25,2.3,"大分県西部"
"16/04/18 08:59",18,33.04,131.14,2.9,"熊本県北東部・大分県境付近"
"16/04/18 08:56",18,32.88,130.89,2,"阿蘇山周辺"
"16/04/18 08:51",18,32.65,130.68,2.3,"熊本県中部"
"16/04/18 08:48",18,32.79,130.76,1.7,"熊本県北部"
"16/04/18 08:40",18,32.7,130.7,2.1,"熊本県中部"
"16/04/18 08:38",18,32.88,130.87,2.4,"阿蘇山周辺"
"16/04/18 08:37",18,32.67,130.68,2.6,"熊本県中部"
"16/04/18 08:25",18,32.64,130.68,1.5,"熊本県中部"
"16/04/18 08:21",18,32.69,130.72,2.3,"熊本県中部"
"16/04/18 08:17",18,32.65,130.72,1.7,"熊本県中部"
"16/04/18 08:16",18,32.64,130.69,2.2,"熊本県中部"
"16/04/18 08:09",18,32.77,130.75,2,"熊本県北部"
"16/04/18 08:03",18,32.86,130.55,2.2,"熊本県北部"
"16/04/18 07:55",18,32.76,130.78,2.1,"熊本県北部"
"16/04/18 07:40",18,32.87,130.83,1.9,"熊本県北部"
"16/04/18 07:38",18,32.7,130.71,1.4,"熊本県中部"
"16/04/18 07:36",18,33.03,131.15,2.2,"熊本県北東部・大分県境付近"
"16/04/18 07:31",18,32.72,130.78,1.6,"熊本県中部"
"16/04/18 07:21",18,32.91,131.04,1.6,"阿蘇山周辺"
"16/04/18 07:13",18,32.66,130.73,3.7,"熊本県中部"
"16/04/18 07:11",18,32.63,130.66,2,"熊本県中部"
"16/04/18 07:02",18,32.81,130.85,1.7,"熊本県北部"
"16/04/18 06:48",18,33.3,131.45,1.2,"別府付近"
"16/04/18 06:46",18,32.71,130.71,2.2,"熊本県中部"
"16/04/18 06:43",18,32.87,130.85,1.7,"阿蘇山周辺"
"16/04/18 06:43",18,32.98,130.29,1.2,"有明海・福岡熊本県境付近"
"16/04/18 06:40",18,32.74,130.75,2.1,"熊本県中部"
"16/04/18 06:33",18,32.74,130.8,1.6,"熊本県中部"
"16/04/18 06:31",18,32.87,130.82,1.9,"熊本県北部"
"16/04/18 06:14",18,33.3,131.48,2.1,"別府付近"
"16/04/18 06:06",18,32.73,130.83,1.7,"熊本県中部"
"16/04/18 06:03",18,32.83,130.8,2.8,"熊本県北部"
"16/04/18 06:02",18,32.99,131.13,1.7,"阿蘇山周辺"
"16/04/18 06:00",18,32.62,130.7,1.6,"熊本県中部"
"16/04/18 05:51",18,32.67,130.73,1.6,"熊本県中部"
"16/04/18 05:51",18,32.68,130.72,1.8,"熊本県中部"
"16/04/18 05:46",18,32.62,130.7,1.8,"熊本県中部"
"16/04/18 05:44",18,32.65,130.72,1.7,"熊本県中部"
"16/04/18 05:37",18,33.29,131.49,1.4,"別府付近"
"16/04/18 05:33",18,32.75,130.8,1.8,"熊本県北部"
"16/04/18 05:28",18,32.81,130.72,1.9,"熊本県北部"
"16/04/18 05:05",18,32.87,130.88,1.6,"阿蘇山周辺"
"16/04/18 04:56",18,32.79,130.79,1.9,"熊本県北部"
"16/04/18 04:55",18,32.58,130.66,1.8,"熊本県中部"
"16/04/18 04:53",18,32.46,131.71,3,"宮崎県北部"
"16/04/18 04:49",18,32.56,130.66,2.5,"熊本県中部"
"16/04/18 04:48",18,32.73,130.76,2,"熊本県中部"
"16/04/18 04:47",18,32.69,130.71,2.6,"熊本県中部"
"16/04/18 04:43",18,32.71,131.03,3.1,"熊本県中部"
"16/04/18 04:40",18,32.45,130.57,1.9,"八代海・熊本県南西部"
"16/04/18 04:39",18,32.59,130.68,2.4,"熊本県中部"
"16/04/18 04:38",18,32.73,130.62,1.7,"熊本県中部"
"16/04/18 04:32",18,32.75,130.63,1.4,"熊本県北部"
"16/04/18 04:32",18,32.75,130.63,1.4,"熊本県北部"
"16/04/18 04:28",18,32.71,130.69,1.7,"熊本県中部"
"16/04/18 04:27",18,32.68,130.74,1.4,"熊本県中部"
"16/04/18 04:23",18,33.27,131.35,1.2,"大分県西部"
"16/04/18 04:12",18,32.86,130.88,1.7,"阿蘇山周辺"
"16/04/18 04:08",18,32.55,130.72,1.4,"熊本県中部"
"16/04/18 03:58",18,33.28,131.33,1.6,"大分県西部"
"16/04/18 03:53",18,32.64,130.72,1.4,"熊本県中部"
"16/04/18 03:52",18,32.75,130.78,1.8,"熊本県中部"
"16/04/18 03:50",18,32.95,131.03,3.1,"阿蘇山周辺"
"16/04/18 03:49",18,32.84,130.8,2.6,"熊本県北部"
"16/04/18 03:43",18,32.53,130.98,2.2,"熊本県中部"
"16/04/18 03:32",18,32.66,130.68,1.5,"熊本県中部"
"16/04/18 03:31",18,32.77,130.83,1.9,"熊本県北部"
"16/04/18 03:30",18,32.82,130.78,1.5,"熊本県北部"
"16/04/18 03:30",18,32.82,130.78,1.6,"熊本県北部"
"16/04/18 03:28",18,32.66,130.71,1.3,"熊本県中部"
"16/04/18 03:28",18,32.67,130.7,1.3,"熊本県中部"
"16/04/18 03:28",18,32.86,130.93,1.6,"阿蘇山周辺"
"16/04/18 03:26",18,32.69,130.74,2.1,"熊本県中部"
"16/04/18 03:24",18,32.68,130.72,2.9,"熊本県中部"
"16/04/18 03:21",18,33.26,131.35,1.9,"大分県東部"
"16/04/18 03:16",18,33.25,131.34,1.4,"大分県西部"
"16/04/18 03:15",18,32.72,130.74,1.6,"熊本県中部"
"16/04/18 03:13",18,32.96,131.07,1.5,"阿蘇山周辺"
"16/04/18 03:08",18,32.82,131.23,2.5,"阿蘇山周辺"
"16/04/18 03:07",18,32.89,130.86,1.8,"阿蘇山周辺"
"16/04/18 03:05",18,32.73,130.68,2.8,"熊本県中部"
"16/04/18 02:57",18,32.78,130.77,2.6,"熊本県北部"
"16/04/18 02:52",18,32.76,130.82,1.8,"熊本県北部"
"16/04/18 02:37",18,33.3,131.51,2,"別府付近"
"16/04/18 02:34",18,33.06,131.15,1.5,"熊本県北東部・大分県境付近"
"16/04/18 02:30",18,32.83,130.83,1.8,"熊本県北部"
"16/04/18 02:27",18,32.74,130.73,1.7,"熊本県中部"
"16/04/18 02:18",18,32.98,131.04,2,"阿蘇山周辺"
"16/04/18 02:16",18,32.71,130.68,1.6,"熊本県中部"
"16/04/18 02:11",18,33.29,131.37,2.6,"大分県東部"
"16/04/18 02:07",18,32.8,130.81,2.6,"熊本県北部"
"16/04/18 02:04",18,32.62,130.71,2,"熊本県中部"
"16/04/18 02:03",18,32.99,131.14,0.9,"阿蘇山周辺"
"16/04/18 01:44",18,32.67,130.7,1.4,"熊本県中部"
"16/04/18 01:41",18,32.77,130.77,1.5,"熊本県北部"
"16/04/18 01:38",18,32.65,130.74,1.5,"熊本県中部"
"16/04/18 01:34",18,32.73,130.67,1.8,"熊本県中部"
"16/04/18 01:22",18,32.78,130.8,1.5,"熊本県北部"
"16/04/18 01:21",18,32.75,130.76,2.1,"熊本県中部"
"16/04/18 01:11",18,32.88,130.88,1.8,"阿蘇山周辺"
"16/04/18 01:05",18,32.77,130.76,1.5,"熊本県北部"
"16/04/18 00:55",18,32.85,130.81,1.7,"熊本県北部"
"16/04/18 00:50",18,32.85,130.82,2.2,"熊本県北部"
"16/04/18 00:46",18,33,131.1,1.6,"熊本県北東部・大分県境付近"
"16/04/18 00:43",18,33.08,131.21,1.9,"九重付近"
"16/04/18 00:43",18,33.05,131.19,1.8,"熊本県北東部・大分県境付近"
"16/04/18 00:38",18,32.98,131.25,1.6,"大分県西部"
"16/04/18 00:35",18,33.26,131.34,1.4,"大分県西部"
"16/04/18 00:28",18,32.61,130.73,1.8,"熊本県中部"
"16/04/18 00:26",18,32.94,131.06,1.6,"阿蘇山周辺"
"16/04/18 00:26",18,32.97,131.09,1.4,"阿蘇山周辺"
"16/04/18 00:26",18,32.78,130.79,1.5,"熊本県北部"
"16/04/18 00:23",18,33.06,131.23,1.9,"九重付近"
"16/04/18 00:23",18,33.22,131.38,1.6,"大分県東部"
"16/04/18 00:10",18,32.66,130.59,1.7,"熊本県中部"
"16/04/18 00:05",18,33,131.06,1.7,"阿蘇山周辺"
"16/04/17 23:58",17,32.56,130.68,1.5,"熊本県中部"
"16/04/17 23:47",17,33.23,131.42,1.6,"大分県東部"
"16/04/17 23:45",17,32.67,130.67,1,"熊本県中部"
"16/04/17 23:40",17,32.63,130.73,1.5,"熊本県中部"
"16/04/17 23:38",17,32.7,130.73,3.3,"熊本県中部"
"16/04/17 23:37",17,33.29,131.52,1.6,"別府付近"
"16/04/17 23:36",17,33,131.1,1.7,"阿蘇山周辺"
"16/04/17 23:23",17,33.24,131.37,2.3,"大分県東部"
"16/04/17 23:21",17,32.71,130.68,1.9,"熊本県中部"
"16/04/17 23:14",17,33.01,131.09,1.4,"熊本県北東部・大分県境付近"
"16/04/17 23:09",17,32.66,130.72,3.1,"熊本県中部"
"16/04/17 23:07",17,32.83,130.88,2.4,"阿蘇山周辺"
"16/04/17 23:06",17,33.03,131.19,1.1,"熊本県北東部・大分県境付近"
"16/04/17 22:56",17,32.65,130.71,3.8,"熊本県中部"
"16/04/17 22:48",17,33.28,131.5,1.7,"別府付近"
"16/04/17 22:46",17,32.56,130.67,1.6,"熊本県中部"
"16/04/17 22:37",17,33.01,131.1,2.3,"熊本県北東部・大分県境付近"
"16/04/17 22:35",17,32.62,130.73,1.7,"熊本県中部"
"16/04/17 22:33",17,32.45,130.57,2.4,"八代海・熊本県南西部"
"16/04/17 22:30",17,32.68,130.75,3.2,"熊本県中部"
"16/04/17 22:22",17,32.92,130.92,1.7,"阿蘇山周辺"
"16/04/17 22:14",17,32.53,130.66,3.2,"熊本県中部"
"16/04/17 22:08",17,33.03,131.17,2.4,"熊本県北東部・大分県境付近"
"16/04/17 22:08",17,32.73,130.66,2.4,"熊本県中部"
"16/04/17 22:07",17,32.81,130.68,2.4,"熊本県北部"
"16/04/17 22:03",17,32.31,131.6,2.3,"宮崎県中部"
"16/04/17 22:00",17,32.98,131.1,3.5,"阿蘇山周辺"
"16/04/17 21:51",17,32.76,130.76,1.9,"熊本県北部"
"16/04/17 21:51",17,32.77,130.76,2.3,"熊本県北部"
"16/04/17 21:48",17,32.74,130.8,2.6,"熊本県中部"
"16/04/17 21:44",17,32.69,130.71,1.9,"熊本県中部"
"16/04/17 21:34",17,32.7,130.71,1.6,"熊本県中部"
"16/04/17 21:33",17,33.08,131.2,1.9,"九重付近"
"16/04/17 21:28",17,32.51,130.74,1.5,"熊本県中部"
"16/04/17 21:29",17,32.72,130.76,2.5,"熊本県中部"
"16/04/17 21:25",17,32.94,131.05,1.9,"阿蘇山周辺"
"16/04/17 21:24",17,32.71,130.76,1.6,"熊本県中部"
"16/04/17 21:24",17,33.29,131.48,1.6,"別府付近"
"16/04/17 21:20",17,32.98,131.11,2.3,"阿蘇山周辺"
"16/04/17 21:19",17,32.86,130.86,2,"阿蘇山周辺"
"16/04/17 21:16",17,33.07,132.06,2.6,"豊後水道"
"16/04/17 20:52",17,33.02,131.2,2.2,"熊本県北東部・大分県境付近"
"16/04/17 20:50",17,33.13,131.17,1.7,"九重付近"
"16/04/17 20:39",17,32.87,130.89,1.7,"阿蘇山周辺"
"16/04/17 20:34",17,32.87,130.81,1.8,"熊本県北部"
"16/04/17 20:28",17,32.56,130.66,3.6,"熊本県中部"
"16/04/17 20:26",17,32.68,130.72,1.5,"熊本県中部"
"16/04/17 20:25",17,32.86,130.91,1.4,"阿蘇山周辺"
"16/04/17 20:24",17,32.77,130.76,1.4,"熊本県北部"
"16/04/17 20:22",17,32.67,130.74,2.4,"熊本県中部"
"16/04/17 20:19",17,33.12,131.17,2.7,"九重付近"
"16/04/17 20:12",17,32.71,130.72,1.6,"熊本県中部"
"16/04/17 20:09",17,32.69,130.79,3,"熊本県中部"
"16/04/17 20:09",17,32.68,130.73,1.8,"熊本県中部"
"16/04/17 20:07",17,32.98,131.11,2,"阿蘇山周辺"
"16/04/17 20:06",17,32.65,130.73,2.6,"熊本県中部"
"16/04/17 20:03",17,32.62,130.7,1.6,"熊本県中部"
"16/04/17 20:00",17,33.02,130.52,2.5,"熊本県北部"
"16/04/17 19:54",17,32.79,130.79,1.6,"熊本県北部"
"16/04/17 19:43",17,32.82,130.89,1.5,"阿蘇山周辺"
"16/04/17 19:38",17,33.26,131.37,1.6,"大分県東部"
"16/04/17 19:36",17,32.92,131.03,2.1,"阿蘇山周辺"
"16/04/17 19:23",17,32.68,130.73,4.7,"熊本県中部"
"16/04/17 19:22",17,33.02,131.18,2,"熊本県北東部・大分県境付近"
"16/04/17 19:19",17,32.4,131.18,2.9,"宮崎県中部"
"16/04/17 19:18",17,32.62,130.7,1.6,"熊本県中部"
"16/04/17 19:18",17,32.61,130.7,1.9,"熊本県中部"
"16/04/17 19:08",17,32.78,130.8,2.1,"熊本県北部"
"16/04/17 19:04",17,33.16,131.07,2.2,"熊本県北東部・大分県境付近"
"16/04/17 19:01",17,32.99,131.14,2,"阿蘇山周辺"
"16/04/17 18:56",17,32.95,131.04,2.3,"阿蘇山周辺"
"16/04/17 18:47",17,32.65,130.69,2,"熊本県中部"
"16/04/17 18:41",17,32.86,130.81,2,"熊本県北部"
"16/04/17 18:39",17,32.65,130.68,2.4,"熊本県中部"
"16/04/17 18:37",17,33.69,130.26,2.7,"福岡県北西沖"
"16/04/17 18:33",17,32.66,130.69,3.2,"熊本県中部"
"16/04/17 18:18",17,32.84,130.71,1.8,"熊本県北部"
"16/04/17 18:17",17,32.54,130.68,1.8,"熊本県中部"
"16/04/17 18:13",17,33.29,131.41,2.2,"別府付近"
"16/04/17 18:12",17,32.64,130.69,3.1,"熊本県中部"
"16/04/17 18:10",17,33.56,130.73,2.3,"福岡県北部"
"16/04/17 18:02",17,32.54,130.67,2.2,"熊本県中部"
"16/04/17 17:53",17,32.8,130.7,3.3,"熊本県北部"
"16/04/17 17:51",17,33.27,131.35,1.8,"大分県東部"
"16/04/17 17:49",17,33.28,131.47,1.6,"別府付近"
"16/04/17 17:48",17,32.74,130.57,1.7,"熊本県中部"
"16/04/17 17:48",17,32.74,130.59,1.7,"熊本県中部"
"16/04/17 17:36",17,32.67,130.74,2.8,"熊本県中部"
"16/04/17 17:34",17,33.15,131.34,2.1,"大分県西部"
"16/04/17 17:33",17,32.66,130.7,2,"熊本県中部"
"16/04/17 17:32",17,32.74,130.68,1.9,"熊本県中部"
"16/04/17 17:22",17,32.57,130.66,2.7,"熊本県中部"
"16/04/17 17:21",17,32.76,130.74,1.7,"熊本県北部"
"16/04/17 17:12",17,32.71,130.77,2.2,"熊本県中部"
"16/04/17 17:06",17,32.86,130.86,2.5,"阿蘇山周辺"
"16/04/17 17:02",17,33.01,131.11,2,"熊本県北東部・大分県境付近"
"16/04/17 17:01",17,32.77,130.68,2.1,"熊本県北部"
"16/04/17 16:58",17,32.8,130.79,3,"熊本県北部"
"16/04/17 16:58",17,33.26,131.34,1.9,"大分県西部"
"16/04/17 16:46",17,32.68,130.75,2.8,"熊本県中部"
"16/04/17 16:38",17,32.8,130.68,2.9,"熊本県北部"
"16/04/17 16:33",17,32.83,130.95,2.2,"阿蘇山周辺"
"16/04/17 16:28",17,33,131.15,3.2,"熊本県北東部・大分県境付近"
"16/04/17 16:27",17,32.75,130.77,3.1,"熊本県中部"
"16/04/17 16:15",17,32.66,130.73,2.2,"熊本県中部"
"16/04/17 16:01",17,32.54,130.72,1.6,"熊本県中部"
"16/04/17 16:00",17,32.79,130.77,2.4,"熊本県北部"
"16/04/17 15:57",17,32.97,131.1,2.7,"阿蘇山周辺"
"16/04/17 15:57",17,32.64,130.73,3.9,"熊本県中部"
"16/04/17 15:47",17,32.92,131.13,2.2,"阿蘇山周辺"
"16/04/17 15:44",17,33.3,131.47,1.1,"別府付近"
"16/04/17 15:42",17,33.27,130.52,2.5,"福岡県中南部"
"16/04/17 15:37",17,32.8,130.68,2.7,"熊本県北部"
"16/04/17 15:35",17,33.27,131.36,3.1,"大分県東部"
"16/04/17 15:30",17,32.61,130.71,1.7,"熊本県中部"
"16/04/17 15:28",17,32.62,130.7,1.5,"熊本県中部"
"16/04/17 15:27",17,32.8,130.79,2.7,"熊本県北部"
"16/04/17 15:25",17,32.84,130.82,2.3,"熊本県北部"
"16/04/17 15:14",17,32.79,130.8,1.6,"熊本県北部"
"16/04/17 15:11",17,32.81,130.8,3.3,"熊本県北部"
"16/04/17 15:07",17,32.75,130.76,2.7,"熊本県中部"
"16/04/17 15:06",17,32.86,131.07,2,"阿蘇山周辺"
"16/04/17 14:56",17,33.28,131.38,2.1,"大分県東部"
"16/04/17 14:53",17,32.55,130.66,2.1,"熊本県中部"
"16/04/17 14:52",17,32.96,131.12,2.4,"阿蘇山周辺"
"16/04/17 14:45",17,32.96,131.08,1.6,"阿蘇山周辺"
"16/04/17 14:41",17,32.7,130.61,2.8,"熊本県中部"
"16/04/17 14:41",17,32.62,130.71,3.6,"熊本県中部"
"16/04/17 14:40",17,32.7,130.68,1.8,"熊本県中部"
"16/04/17 14:33",17,33.27,131.38,1.8,"大分県東部"
"16/04/17 14:29",17,32.54,130.66,3,"熊本県中部"
"16/04/17 14:28",17,32.8,130.95,2.1,"阿蘇山周辺"
"16/04/17 14:25",17,33.05,131.18,2.5,"九重付近"
"16/04/17 14:24",17,32.86,130.81,2.1,"熊本県北部"
"16/04/17 14:19",17,32.76,130.74,1.7,"熊本県北部"
"16/04/17 14:11",17,33.04,131.13,2,"熊本県北東部・大分県境付近"
"16/04/17 14:09",17,32.55,130.66,2.3,"熊本県中部"
"16/04/17 14:08",17,33,131.07,2.1,"熊本県北東部・大分県境付近"
"16/04/17 14:05",17,32.79,130.81,2.8,"熊本県北部"
"16/04/17 13:59",17,32.77,130.74,1.9,"熊本県北部"
"16/04/17 13:44",17,32.99,130.97,3.7,"阿蘇山周辺"
"16/04/17 13:36",17,32.8,130.79,1.7,"熊本県北部"
"16/04/17 13:35",17,33.06,131.15,1.5,"熊本県北東部・大分県境付近"
"16/04/17 13:33",17,32.82,130.86,2.7,"阿蘇山周辺"
"16/04/17 13:31",17,32.77,130.77,2.4,"熊本県北部"
"16/04/17 13:29",17,32.72,130.68,2.9,"熊本県中部"
"16/04/17 13:27",17,32.41,130.99,2.3,"熊本県南部"
"16/04/17 13:27",17,32.8,130.81,1.6,"熊本県北部"
"16/04/17 13:23",17,32.88,130.89,1.7,"阿蘇山周辺"
"16/04/17 13:22",17,32.57,130.67,2.4,"熊本県中部"
"16/04/17 13:17",17,33.18,131.23,2.1,"大分県西部"
"16/04/17 13:13",17,32.97,131.1,4.1,"阿蘇山周辺"
"16/04/17 13:12",17,32.69,130.72,3.4,"熊本県中部"
"16/04/17 13:05",17,33.13,131.17,2.2,"九重付近"
"16/04/17 13:03",17,32.88,130.82,2.2,"熊本県北部"
"16/04/17 12:58",17,32.83,130.82,2.9,"熊本県北部"
"16/04/17 12:55",17,32.85,130.9,2.5,"阿蘇山周辺"
"16/04/17 12:52",17,32.69,130.75,2.7,"熊本県中部"
"16/04/17 12:46",17,32.82,130.75,2.3,"熊本県北部"
"16/04/17 12:38",17,32.55,130.72,2.1,"熊本県中部"
"16/04/17 12:36",17,32.61,130.72,2.3,"熊本県中部"
"16/04/17 12:35",17,33.05,131.15,1.6,"熊本県北東部・大分県境付近"
"16/04/17 12:25",17,32.59,130.68,1.9,"熊本県中部"
"16/04/17 12:20",17,32.82,131.1,2.8,"阿蘇山周辺"
"16/04/17 12:16",17,32.76,130.74,2.6,"熊本県北部"
"16/04/17 12:01",17,32.76,130.8,3.1,"熊本県北部"
"16/04/17 11:56",17,32.64,130.73,1.6,"熊本県中部"
"16/04/17 11:53",17,32.52,130.67,2,"熊本県中部"
"16/04/17 11:51",17,32.63,130.73,3.5,"熊本県中部"
"16/04/17 11:48",17,32.76,130.7,2.7,"熊本県北部"
"16/04/17 11:47",17,33.23,130.84,2.3,"福岡県中南部"
"16/04/17 11:46",17,33.27,131.39,1.3,"大分県東部"
"16/04/17 11:33",17,33.01,131.08,3.3,"熊本県北東部・大分県境付近"
"16/04/17 11:31",17,33,131.1,2.7,"阿蘇山周辺"
"16/04/17 11:20",17,33.03,131.2,1.5,"熊本県北東部・大分県境付近"
"16/04/17 11:18",17,32.97,131.08,2.4,"阿蘇山周辺"
"16/04/17 11:12",17,32.75,130.7,1.5,"熊本県北部"
"16/04/17 11:11",17,32.72,131.3,2.6,"宮崎県北部"
"16/04/17 11:10",17,32.99,131.1,1.9,"阿蘇山周辺"
"16/04/17 11:07",17,32.7,130.74,2,"熊本県中部"
"16/04/17 11:06",17,33.39,131.44,2.3,"大分県東部"
"16/04/17 11:06",17,32.53,130.71,2.7,"熊本県中部"
"16/04/17 10:59",17,32.55,130.71,4.4,"熊本県中部"
"16/04/17 10:57",17,32.87,130.89,1.6,"阿蘇山周辺"
"16/04/17 10:57",17,32.71,130.73,2.4,"熊本県中部"
"16/04/17 10:51",17,32.94,131.04,2.3,"阿蘇山周辺"
"16/04/17 10:42",17,33.03,131.24,1.9,"熊本県北東部・大分県境付近"
"16/04/17 10:37",17,32.7,130.77,3.3,"熊本県中部"
"16/04/17 10:34",17,32.7,130.74,3.2,"熊本県中部"
"16/04/17 10:33",17,32.97,131.17,2.4,"阿蘇山周辺"
"16/04/17 10:31",17,32.79,130.75,2.6,"熊本県北部"
"16/04/17 10:29",17,32.73,130.66,1.7,"熊本県中部"
"16/04/17 10:11",17,32.81,130.85,2.8,"阿蘇山周辺"
"16/04/17 10:11",17,32.71,130.65,1.9,"熊本県中部"
"16/04/17 09:54",17,32.68,130.74,2.2,"熊本県中部"
"16/04/17 09:51",17,32.99,131.14,1.9,"阿蘇山周辺"
"16/04/17 09:46",17,32.66,130.75,1.9,"熊本県中部"
"16/04/17 09:42",17,32.58,130.67,2.6,"熊本県中部"
"16/04/17 09:25",17,32.98,131.11,2.1,"阿蘇山周辺"
"16/04/17 09:22",17,33.09,131.28,2.6,"九重付近"
"16/04/17 09:18",17,32.97,131.09,2.9,"阿蘇山周辺"
"16/04/17 09:10",17,32.89,130.89,2,"阿蘇山周辺"
"16/04/17 09:10",17,32.88,130.89,2,"阿蘇山周辺"
"16/04/17 09:09",17,32.64,130.7,1.8,"熊本県中部"
"16/04/17 09:06",17,32.77,130.78,3.2,"熊本県北部"
"16/04/17 09:03",17,32.72,130.83,2.8,"熊本県中部"
"16/04/17 09:02",17,32.71,130.72,1.9,"熊本県中部"
"16/04/17 08:58",17,32.85,130.9,4.1,"阿蘇山周辺"
"16/04/17 08:54",17,32.9,130.98,2.3,"阿蘇山周辺"
"16/04/17 08:53",17,33.28,131.34,2.3,"大分県西部"
"16/04/17 08:41",17,32.69,130.72,2.5,"熊本県中部"
"16/04/17 08:38",17,32.73,130.77,2.2,"熊本県中部"
"16/04/17 08:33",17,32.63,130.7,2,"熊本県中部"
"16/04/17 08:26",17,32.86,130.78,2.6,"熊本県北部"
"16/04/17 08:26",17,32.86,130.78,2.8,"熊本県北部"
"16/04/17 08:20",17,32.84,131.14,2.3,"阿蘇山周辺"
"16/04/17 08:14",17,32.64,130.71,2.1,"熊本県中部"
"16/04/17 08:13",17,33.06,131.23,2.5,"九重付近"
"16/04/17 08:13",17,32.97,131.11,2,"阿蘇山周辺"
"16/04/17 08:12",17,32.68,130.75,3.3,"熊本県中部"
"16/04/17 08:10",17,32.68,130.71,1.8,"熊本県中部"
"16/04/17 08:09",17,33.27,131.39,2.2,"大分県東部"
"16/04/17 08:08",17,32.8,130.73,2.4,"熊本県北部"
"16/04/17 08:05",17,32.63,130.69,2.5,"熊本県中部"
"16/04/17 08:03",17,32.88,130.89,3.2,"阿蘇山周辺"
"16/04/17 08:03",17,32.67,130.74,2.2,"熊本県中部"
"16/04/17 07:56",17,33.26,131.33,1.8,"大分県西部"
"16/04/17 07:56",17,33.27,131.34,1.6,"大分県西部"
"16/04/17 07:55",17,32.69,130.71,3.3,"熊本県中部"
"16/04/17 07:51",17,32.87,130.65,2.4,"熊本県北部"
"16/04/17 07:51",17,32.87,130.85,1.6,"熊本県北部"
"16/04/17 07:50",17,32.82,130.88,2,"阿蘇山周辺"
"16/04/17 07:35",17,32.77,130.73,1.9,"熊本県北部"
"16/04/17 07:33",17,32.97,131.11,1.6,"阿蘇山周辺"
"16/04/17 07:25",17,32.72,130.76,1.8,"熊本県中部"
"16/04/17 07:18",17,33.28,131.4,1.9,"大分県東部"
"16/04/17 07:12",17,33.01,131.12,2.4,"熊本県北東部・大分県境付近"
"16/04/17 07:11",17,33.26,131.39,2,"大分県東部"
"16/04/17 07:10",17,32.62,130.72,2.9,"熊本県中部"
"16/04/17 07:09",17,32.71,130.74,2.5,"熊本県中部"
"16/04/17 07:03",17,33.28,131.38,3.7,"大分県東部"
"16/04/17 07:00",17,33,131.16,1.4,"熊本県北東部・大分県境付近"
"16/04/17 06:52",17,33.03,131.04,2.2,"熊本県北東部・大分県境付近"
"16/04/17 06:49",17,32.68,130.73,3,"熊本県中部"
"16/04/17 06:40",17,33,130.58,2.4,"熊本県北部"
"16/04/17 06:40",17,32.88,130.65,2,"熊本県北部"
"16/04/17 06:39",17,32.76,130.8,2.2,"熊本県北部"
"16/04/17 06:36",17,32.75,130.65,2.4,"熊本県北部"
"16/04/17 06:35",17,32.7,130.78,2.4,"熊本県中部"
"16/04/17 06:33",17,33.04,131.2,2.7,"熊本県北東部・大分県境付近"
"16/04/17 06:29",17,32.99,131.05,2.3,"阿蘇山周辺"
"16/04/17 06:25",17,32.69,130.73,1.9,"熊本県中部"
"16/04/17 06:23",17,32.88,130.88,2.2,"阿蘇山周辺"
"16/04/17 06:20",17,33.03,131.2,2.3,"熊本県北東部・大分県境付近"
"16/04/17 06:19",17,32.67,130.71,2.4,"熊本県中部"
"16/04/17 06:13",17,33.3,131.5,2.5,"別府付近"
"16/04/17 05:57",17,32.85,130.87,2.8,"阿蘇山周辺"
"16/04/17 05:52",17,33.28,131.36,2.6,"大分県東部"
"16/04/17 05:49",17,32.5,130.63,2.4,"熊本県南部"
"16/04/17 05:48",17,32.75,130.76,2.1,"熊本県中部"
"16/04/17 05:44",17,32.87,130.84,2,"熊本県北部"
"16/04/17 05:43",17,33.04,131.18,2.7,"熊本県北東部・大分県境付近"
"16/04/17 05:43",17,33.26,131.36,3,"大分県東部"
"16/04/17 05:37",17,32.79,130.77,2.2,"熊本県北部"
"16/04/17 05:32",17,32.38,130.92,2,"熊本県南部"
"16/04/17 05:31",17,33.27,131.39,1.9,"大分県東部"
"16/04/17 05:29",17,33.24,131.38,2.1,"大分県東部"
"16/04/17 05:25",17,33.24,131.38,1.9,"大分県東部"
"16/04/17 05:23",17,32.84,130.83,2.8,"熊本県北部"
"16/04/17 05:21",17,32.87,130.85,2.4,"阿蘇山周辺"
"16/04/17 05:09",17,32.73,130.74,1.9,"熊本県中部"
"16/04/17 04:57",17,32.71,130.78,2.9,"熊本県中部"
"16/04/17 04:50",17,32.69,130.66,2.2,"熊本県中部"
"16/04/17 04:46",17,32.69,130.78,4.6,"熊本県中部"
"16/04/17 04:45",17,33.27,131.37,2.2,"大分県東部"
"16/04/17 04:44",17,32.98,131.07,3.3,"阿蘇山周辺"
"16/04/17 04:43",17,32.95,131.02,2.6,"阿蘇山周辺"
"16/04/17 04:36",17,32.99,131.09,2.1,"阿蘇山周辺"
"16/04/17 04:35",17,33.03,131.19,2.4,"熊本県北東部・大分県境付近"
"16/04/17 04:34",17,33.02,131.21,2.6,"熊本県北東部・大分県境付近"
"16/04/17 04:29",17,32.71,130.71,3.6,"熊本県中部"
"16/04/17 04:26",17,32.69,130.73,2.4,"熊本県中部"
"16/04/17 04:19",17,32.77,130.8,2.9,"熊本県北部"
"16/04/17 04:18",17,32.64,131.13,2,"熊本県中部"
"16/04/17 04:15",17,32.99,131.08,1.9,"阿蘇山周辺"
"16/04/17 04:09",17,32.77,130.77,2.2,"熊本県北部"
"16/04/17 03:55",17,32.66,130.71,2.6,"熊本県中部"
"16/04/17 03:37",17,32.68,130.69,1.8,"熊本県中部"
"16/04/17 03:36",17,33.28,131.39,1.8,"大分県東部"
"16/04/17 03:36",17,33.28,131.39,1.9,"大分県東部"
"16/04/17 03:36",17,33.02,131.18,2,"熊本県北東部・大分県境付近"
"16/04/17 03:33",17,32.78,130.76,2.8,"熊本県北部"
"16/04/17 03:18",17,32.88,130.9,2.6,"阿蘇山周辺"
"16/04/17 03:17",17,33.26,131.35,2.1,"大分県西部"
"16/04/17 03:16",17,32.69,130.76,2,"熊本県中部"
"16/04/17 03:12",17,33.3,131.48,2.1,"別府付近"
"16/04/17 03:10",17,32.67,130.63,1.8,"熊本県中部"
"16/04/17 03:07",17,32.63,130.72,2.8,"熊本県中部"
"16/04/17 03:04",17,33,131.12,2.4,"阿蘇山周辺"
"16/04/17 03:01",17,32.75,130.79,1.6,"熊本県中部"
"16/04/17 02:55",17,33.02,131.2,1.9,"熊本県北東部・大分県境付近"
"16/04/17 02:55",17,33.02,131.2,1.8,"熊本県北東部・大分県境付近"
"16/04/17 02:49",17,32.97,130.91,2.4,"阿蘇山周辺"
"16/04/17 02:49",17,32.82,130.83,2.3,"熊本県北部"
"16/04/17 02:47",17,32.89,131.23,2.5,"阿蘇山周辺"
"16/04/17 02:47",17,33.04,131.14,2,"熊本県北東部・大分県境付近"
"16/04/17 02:42",17,32.73,130.78,2.6,"熊本県中部"
"16/04/17 02:40",17,32.69,130.83,1.6,"熊本県中部"
"16/04/17 02:37",17,32.72,130.75,2.2,"熊本県中部"
"16/04/17 02:33",17,32.7,130.74,2.3,"熊本県中部"
"16/04/17 02:29",17,32.67,130.75,1.7,"熊本県中部"
"16/04/17 02:28",17,32.96,131.07,2.3,"阿蘇山周辺"
"16/04/17 02:27",17,32.83,130.77,1.7,"熊本県北部"
"16/04/17 02:24",17,32.66,130.72,1.7,"熊本県中部"
"16/04/17 02:23",17,32.83,130.85,1.7,"阿蘇山周辺"
"16/04/17 02:22",17,32.67,130.72,1.9,"熊本県中部"
"16/04/17 02:21",17,32.81,130.71,2.8,"熊本県北部"
"16/04/17 02:18",17,33.02,131.09,2.4,"熊本県北東部・大分県境付近"
"16/04/17 02:15",17,32.98,131.09,2.1,"阿蘇山周辺"
"16/04/17 02:08",17,32.82,130.93,1.7,"阿蘇山周辺"
"16/04/17 02:07",17,32.98,130.83,2.4,"熊本県北部"
"16/04/17 02:06",17,32.88,130.86,2.4,"阿蘇山周辺"
"16/04/17 02:02",17,32.66,130.71,2.3,"熊本県中部"
"16/04/17 01:55",17,32.78,130.8,2.1,"熊本県北部"
"16/04/17 01:49",17,32.87,130.88,2.1,"阿蘇山周辺"
"16/04/17 01:46",17,32.9,130.91,1.8,"阿蘇山周辺"
"16/04/17 01:44",17,32.8,130.73,1.9,"熊本県北部"
"16/04/17 01:43",17,32.66,130.73,2.6,"熊本県中部"
"16/04/17 01:39",17,33.04,131.19,2.4,"熊本県北東部・大分県境付近"
"16/04/17 01:32",17,32.98,131.1,2.5,"阿蘇山周辺"
"16/04/17 01:21",17,32.67,130.7,2,"熊本県中部"
"16/04/17 01:21",17,32.68,130.71,2,"熊本県中部"
"16/04/17 01:15",17,32.7,130.71,2.9,"熊本県中部"
"16/04/17 01:14",17,32.65,131.26,1.9,"宮崎県北部"
"16/04/17 01:13",17,32.76,130.77,2.9,"熊本県北部"
"16/04/17 01:02",17,32.99,131.1,2.2,"阿蘇山周辺"
"16/04/17 00:59",17,33.01,131.2,4.3,"熊本県北東部・大分県境付近"
"16/04/17 00:56",17,32.64,130.73,4.1,"熊本県中部"
"16/04/17 00:55",17,33.16,131.31,1.7,"大分県西部"
"16/04/17 00:51",17,33.18,131.36,2.2,"大分県東部"
"16/04/17 00:50",17,33.01,131.1,2.6,"熊本県北東部・大分県境付近"
"16/04/17 00:33",17,32.66,130.73,2.4,"熊本県中部"
"16/04/17 00:27",17,32.84,130.82,1.9,"熊本県北部"
"16/04/17 00:27",17,32.83,130.82,2,"熊本県北部"
"16/04/17 00:27",17,32.7,130.67,2.2,"熊本県中部"
"16/04/17 00:25",17,32.85,130.93,1.7,"阿蘇山周辺"
"16/04/17 00:24",17,32.7,130.71,2.6,"熊本県中部"
"16/04/17 00:24",17,32.69,130.72,2.7,"熊本県中部"
"16/04/17 00:10",17,33.02,131.14,2.2,"熊本県北東部・大分県境付近"
"16/04/16 23:56",16,33.29,131.5,2.3,"別府付近"
"16/04/16 23:51",16,32.57,130.64,2.2,"熊本県中部"
"16/04/16 23:50",16,32.76,130.76,2.6,"熊本県北部"
"16/04/16 23:49",16,33.25,131.37,2.5,"大分県東部"
"16/04/16 23:42",16,32.64,130.68,2.7,"熊本県中部"
"16/04/16 23:38",16,32.66,130.7,2.3,"熊本県中部"
"16/04/16 23:23",16,32.74,130.77,2.1,"熊本県中部"
"16/04/16 23:15",16,32.52,130.58,2.3,"八代海・熊本県南西部"
"16/04/16 23:12",16,32.94,131.06,2.9,"阿蘇山周辺"
"16/04/16 23:10",16,33.06,131.49,2.1,"大分県東部"
"16/04/16 23:09",16,32.98,131.12,1.9,"阿蘇山周辺"
"16/04/16 23:07",16,32.56,130.69,1.1,"熊本県中部"
"16/04/16 23:05",16,32.84,130.85,1.8,"熊本県北部"
"16/04/16 22:46",16,33.06,131.01,2.2,"大分県西部"
"16/04/16 22:41",16,32.85,130.82,1.9,"熊本県北部"
"16/04/16 22:32",16,32.7,130.69,1.9,"熊本県中部"
"16/04/16 22:26",16,32.93,130.95,2.3,"阿蘇山周辺"
"16/04/16 22:22",16,33.28,131.37,1.8,"大分県東部"
"16/04/16 22:17",16,33.12,131.17,1.9,"九重付近"
"16/04/16 22:17",16,32.69,130.71,1.8,"熊本県中部"
"16/04/16 22:16",16,32.77,130.67,2.2,"熊本県北部"
"16/04/16 22:13",16,32.64,130.62,1.9,"熊本県中部"
"16/04/16 22:09",16,32.78,130.74,2.1,"熊本県北部"
"16/04/16 22:05",16,32.99,131.18,1.7,"阿蘇山周辺"
"16/04/16 22:00",16,32.55,130.66,1.9,"熊本県中部"
"16/04/16 22:00",16,33,131.03,2.1,"熊本県北東部・大分県境付近"
"16/04/16 21:57",16,33.24,131.33,2.4,"大分県西部"
"16/04/16 21:53",16,32.66,130.71,2.3,"熊本県中部"
"16/04/16 21:50",16,32.9,131.11,3.9,"阿蘇山周辺"
"16/04/16 21:49",16,32.65,130.7,2.1,"熊本県中部"
"16/04/16 21:42",16,32.81,130.84,2.4,"熊本県北部"
"16/04/16 21:36",16,33.18,131.18,2.4,"大分県西部"
"16/04/16 21:26",16,32.84,130.83,1.8,"熊本県北部"
"16/04/16 21:26",16,32.83,130.84,1.7,"熊本県北部"
"16/04/16 21:24",16,32.65,130.68,1.9,"熊本県中部"
"16/04/16 21:23",16,32.66,131.53,2.4,"宮崎県北部"
"16/04/16 21:18",16,32.82,130.82,2.2,"熊本県北部"
"16/04/16 21:15",16,32.78,130.65,2.3,"熊本県北部"
"16/04/16 21:14",16,33.27,131.33,2.2,"大分県西部"
"16/04/16 21:12",16,32.56,130.65,2.9,"熊本県中部"
"16/04/16 21:10",16,33.27,131.34,1.6,"大分県西部"
"16/04/16 21:05",16,32.76,130.76,4.8,"熊本県北部"
"16/04/16 21:03",16,32.63,130.71,2,"熊本県中部"
"16/04/16 20:51",16,33.1,130.55,3,"熊本県北部"
"16/04/16 20:48",16,32.95,131.01,2.3,"阿蘇山周辺"
"16/04/16 20:46",16,32.7,130.72,2.9,"熊本県中部"
"16/04/16 20:34",16,32.67,130.81,2.2,"熊本県中部"
"16/04/16 20:31",16,33.04,131.19,1.9,"熊本県北東部・大分県境付近"
"16/04/16 20:29",16,32.75,130.75,1.9,"熊本県中部"
"16/04/16 20:28",16,32.64,130.73,2.8,"熊本県中部"
"16/04/16 20:26",16,32.78,131.82,3.8,"宮崎県北部"
"16/04/16 20:15",16,32.78,130.78,2.8,"熊本県北部"
"16/04/16 20:09",16,33.01,131.1,1.9,"熊本県北東部・大分県境付近"
"16/04/16 19:54",16,33.05,131.17,2.5,"九重付近"
"16/04/16 19:49",16,33.03,130.62,1.9,"熊本県北部"
"16/04/16 19:49",16,32.97,131.09,1.8,"阿蘇山周辺"
"16/04/16 19:42",16,32.66,130.71,3.1,"熊本県中部"
"16/04/16 19:36",16,32.69,130.74,1.8,"熊本県中部"
"16/04/16 19:34",16,33.04,131.2,2.3,"熊本県北東部・大分県境付近"
"16/04/16 19:29",16,32.73,130.65,1.6,"熊本県中部"
"16/04/16 19:23",16,32.99,131.1,3.5,"阿蘇山周辺"
"16/04/16 19:20",16,32.81,130.81,2,"熊本県北部"
"16/04/16 19:11",16,33.15,131.25,2.4,"九重付近"
"16/04/16 18:50",16,32.84,130.53,3,"熊本県北部"
"16/04/16 18:46",16,32.88,131.16,2.2,"阿蘇山周辺"
"16/04/16 18:41",16,32.76,130.76,1.9,"熊本県北部"
"16/04/16 18:38",16,32.8,130.6,2,"熊本県北部"
"16/04/16 18:37",16,32.81,130.79,2.6,"熊本県北部"
"16/04/16 18:29",16,32.89,130.87,2.3,"阿蘇山周辺"
"16/04/16 18:27",16,32.99,131.07,2.2,"阿蘇山周辺"
"16/04/16 18:25",16,32.66,130.72,4.2,"熊本県中部"
"16/04/16 18:20",16,32.8,130.72,2.4,"熊本県北部"
"16/04/16 17:58",16,32.69,130.71,3,"熊本県中部"
"16/04/16 17:54",16,33.05,131.15,2.4,"九重付近"
"16/04/16 17:53",16,33.22,131.3,2.2,"大分県西部"
"16/04/16 17:46",16,32.69,130.72,1.9,"熊本県中部"
"16/04/16 17:42",16,33.06,131.2,2.4,"九重付近"
"16/04/16 17:31",16,32.63,130.69,2.9,"熊本県中部"
"16/04/16 17:29",16,32.72,130.76,2.1,"熊本県中部"
"16/04/16 17:26",16,32.74,130.72,1.9,"熊本県中部"
"16/04/16 17:24",16,33.29,131.49,2,"別府付近"
"16/04/16 17:15",16,32.62,130.69,2.6,"熊本県中部"
"16/04/16 17:09",16,32.56,130.64,2.2,"熊本県中部"
"16/04/16 17:00",16,32.66,130.69,3,"熊本県中部"
"16/04/16 16:57",16,33.16,131.03,2.5,"熊本県北東部・大分県境付近"
"16/04/16 16:57",16,32.7,130.73,3.5,"熊本県中部"
"16/04/16 16:53",16,32.67,130.72,2.5,"熊本県中部"
"16/04/16 16:34",16,32.72,130.76,2.9,"熊本県中部"
"16/04/16 16:28",16,32.84,130.82,2.8,"熊本県北部"
"16/04/16 16:23",16,33.03,131.19,2.3,"熊本県北東部・大分県境付近"
"16/04/16 16:04",16,32.7,130.73,3.2,"熊本県中部"
"16/04/16 15:59",16,32.99,131.07,2.3,"阿蘇山周辺"
"16/04/16 15:58",16,32.7,130.74,2.4,"熊本県中部"
"16/04/16 15:54",16,32.74,130.69,2.2,"熊本県中部"
"16/04/16 15:53",16,32.8,130.81,2.5,"熊本県北部"
"16/04/16 15:52",16,32.86,130.85,2.1,"阿蘇山周辺"
"16/04/16 15:48",16,32.76,130.65,4.2,"熊本県北部"
"16/04/16 15:42",16,32.86,130.88,2.7,"阿蘇山周辺"
"16/04/16 15:38",16,32.67,130.72,2.9,"熊本県中部"
"16/04/16 15:18",16,32.66,130.72,2.4,"熊本県中部"
"16/04/16 15:12",16,33.06,131.15,3.1,"九重付近"
"16/04/16 14:41",16,32.95,131.11,2.7,"阿蘇山周辺"
"16/04/16 14:27",16,32.65,130.75,4.8,"熊本県中部"
"16/04/16 14:21",16,32.98,131.11,1.9,"阿蘇山周辺"
"16/04/16 14:17",16,32.69,130.72,3.3,"熊本県中部"
"16/04/16 14:13",16,33.35,131.23,2.5,"大分県西部"
"16/04/16 14:07",16,32.62,130.7,2.4,"熊本県中部"
"16/04/16 14:01",16,32.69,131.48,2.8,"宮崎県北部"
"16/04/16 13:56",16,32.76,130.73,3,"熊本県北部"
"16/04/16 13:46",16,32.83,130.89,2.1,"阿蘇山周辺"
"16/04/16 13:22",16,32.73,130.55,2.4,"熊本県中部"
"16/04/16 13:22",16,32.87,130.87,2,"阿蘇山周辺"
"16/04/16 13:18",16,33.24,131.34,2.9,"大分県西部"
"16/04/16 12:55",16,32.71,130.71,2.4,"熊本県中部"
"16/04/16 12:27",16,32.8,130.71,2.2,"熊本県北部"
"16/04/16 12:27",16,32.8,130.73,1.9,"熊本県北部"
"16/04/16 12:27",16,32.7,130.71,2.3,"熊本県中部"
"16/04/16 12:23",16,33.03,131.12,2.4,"熊本県北東部・大分県境付近"
"16/04/16 12:22",16,32.86,130.82,2.8,"熊本県北部"
"16/04/16 12:18",16,32.78,130.75,3.3,"熊本県北部"
"16/04/16 12:12",16,33,131.12,3.4,"熊本県北東部・大分県境付近"
"16/04/16 12:04",16,32.69,130.73,2,"熊本県中部"
"16/04/16 11:40",16,32.69,130.74,2.5,"熊本県中部"
"16/04/16 11:32",16,33.18,131.02,3.1,"大分県西部"
"16/04/16 11:30",16,33.23,131.37,2.4,"大分県東部"
"16/04/16 11:20",16,33.21,131.21,3.7,"大分県西部"
"16/04/16 11:12",16,32.98,131.11,2.8,"阿蘇山周辺"
"16/04/16 11:09",16,33.16,131.39,3.1,"大分県東部"
"16/04/16 11:06",16,32.87,130.89,2.9,"阿蘇山周辺"
"16/04/16 11:00",16,32.83,130.82,2,"熊本県北部"
"16/04/16 10:55",16,32.73,130.73,3.9,"熊本県中部"
"16/04/16 10:54",16,32.99,131.09,2.4,"阿蘇山周辺"
"16/04/16 10:49",16,32.86,130.84,2.3,"熊本県北部"
"16/04/16 10:22",16,32.84,130.79,2.8,"熊本県北部"
"16/04/16 09:45",16,33.22,131.28,2.9,"大分県西部"
"16/04/16 09:21",16,32.76,130.76,3.1,"熊本県北部"
"16/04/16 09:15",16,32.76,130.71,2.4,"熊本県北部"
"16/04/16 09:10",16,32.78,130.78,1.9,"熊本県北部"
"16/04/16 09:03",16,32.82,130.72,2.5,"熊本県北部"
"16/04/16 09:03",16,32.81,130.75,2.5,"熊本県北部"
"16/04/16 08:58",16,33.03,131.21,2.7,"熊本県北東部・大分県境付近"
"16/04/16 08:51",16,32.96,131.13,2.2,"阿蘇山周辺"
"16/04/16 08:38",16,32.47,130.62,3.4,"熊本県南部"
"16/04/16 08:29",16,32.85,130.86,2.6,"阿蘇山周辺"
"16/04/16 08:25",16,33.03,131.19,2.6,"熊本県北東部・大分県境付近"
"16/04/16 08:19",16,32.98,131.11,2.1,"阿蘇山周辺"
"16/04/16 08:15",16,33.05,131.2,2.5,"熊本県北東部・大分県境付近"
"16/04/16 08:11",16,33.28,131.38,2.4,"大分県東部"
"16/04/16 08:01",16,32.66,130.81,2.9,"熊本県中部"
"16/04/16 08:00",16,33.27,131.43,2.7,"別府付近"
"16/04/16 07:55",16,32.82,130.67,2.5,"熊本県北部"
"16/04/16 07:55",16,33.02,130.98,3.1,"阿蘇山周辺"
"16/04/16 07:53",16,32.86,130.85,3.3,"阿蘇山周辺"
"16/04/16 07:51",16,32.72,130.72,2,"熊本県中部"
"16/04/16 07:48",16,33.23,131.25,2.6,"大分県西部"
"16/04/16 07:20",16,33.28,131.41,2.4,"別府付近"
"16/04/16 07:19",16,32.76,130.76,2.3,"熊本県北部"
"16/04/16 07:08",16,32.7,130.73,3.2,"熊本県中部"
"16/04/16 07:03",16,32.78,130.78,3.3,"熊本県北部"
"16/04/16 06:59",16,32.91,130.98,2.8,"阿蘇山周辺"
"16/04/16 06:54",16,32.95,131.06,2.8,"阿蘇山周辺"
"16/04/16 06:45",16,32.95,131.17,2.8,"阿蘇山周辺"
"16/04/16 06:42",16,32.63,130.69,2.3,"熊本県中部"
"16/04/16 06:33",16,32.7,130.76,2.6,"熊本県中部"
"16/04/16 06:11",16,32.79,130.88,4.3,"阿蘇山周辺"
"16/04/16 06:07",16,33.04,131.15,2.4,"熊本県北東部・大分県境付近"
"16/04/16 06:01",16,33.98,131.72,3,"山口県"
"16/04/16 05:59",16,33,131.19,2.9,"阿蘇山周辺"
"16/04/16 05:51",16,32.66,130.69,2.6,"熊本県中部"
"16/04/16 05:51",16,32.65,130.71,2.6,"熊本県中部"
"16/04/16 05:38",16,32.84,130.84,2.4,"熊本県北部"
"16/04/16 05:29",16,33,131.08,2.9,"阿蘇山周辺"
"16/04/16 05:28",16,33.26,131.31,2.7,"大分県西部"
"16/04/16 05:11",16,33.13,131.17,4,"九重付近"
"16/04/16 04:35",16,32.74,130.76,3,"熊本県中部"
"16/04/16 04:34",16,32.98,131.06,3.9,"阿蘇山周辺"
"16/04/16 04:33",16,32.84,130.85,2.7,"阿蘇山周辺"
"16/04/16 04:32",16,32.8,130.78,3.6,"熊本県北部"
"16/04/16 04:26",16,33.31,131.43,3,"別府付近"
"16/04/16 04:21",16,32.97,131.07,3.2,"阿蘇山周辺"
"16/04/16 04:18",16,33.03,131.13,4.5,"熊本県北東部・大分県境付近"
"16/04/16 04:08",16,32.81,130.91,3,"阿蘇山周辺"
"16/04/16 04:05",16,32.8,130.82,4.4,"熊本県北部"
"16/04/16 04:04",16,33.28,131.36,3.3,"大分県東部"
"16/04/16 04:03",16,32.67,130.7,3.2,"熊本県中部"
"16/04/16 03:40",16,32.84,130.82,3,"熊本県北部"
"16/04/16 03:39",16,32.79,130.77,2.8,"熊本県北部"
"16/04/16 03:37",16,32.78,130.79,3.2,"熊本県北部"
"16/04/16 03:30",16,32.84,130.87,2.9,"阿蘇山周辺"
"16/04/16 03:30",16,32.84,130.87,2.9,"阿蘇山周辺"
"16/04/16 03:24",16,32.81,130.91,2.6,"阿蘇山周辺"
"16/04/16 03:22",16,32.7,130.73,2.7,"熊本県中部"
"16/04/16 03:16",16,32.98,131.1,4.2,"阿蘇山周辺"
"16/04/16 03:14",16,32.98,131.06,3.9,"阿蘇山周辺"
"16/04/16 03:07",16,33.19,130.75,3.9,"福岡県中南部"
"16/04/16 02:58",16,32.91,131.06,3.2,"阿蘇山周辺"
"16/04/16 02:45",16,32.71,130.72,,"熊本県中部"
"16/04/16 02:38",16,32.71,130.73,3.2,"熊本県中部"
"16/04/16 02:25",16,33.23,131.35,3.1,"大分県東部"
"16/04/16 02:24",16,32.82,130.87,3.3,"阿蘇山周辺"
"16/04/16 02:23",16,32.74,130.75,3.4,"熊本県中部"
"16/04/16 02:20",16,32.81,130.85,3.8,"熊本県北部"
"16/04/16 02:17",16,32.86,130.86,4.2,"阿蘇山周辺"
"16/04/16 02:17",16,32.76,130.76,4,"熊本県北部"
"16/04/16 02:14",16,32.75,130.77,4.3,"熊本県北部"
"16/04/16 02:14",16,32.75,130.78,4.3,"熊本県北部"
"16/04/16 02:10",16,32.69,130.73,3.5,"熊本県中部"
"16/04/16 02:08",16,32.78,130.87,3.9,"阿蘇山周辺"
"16/04/16 02:07",16,32.98,131.12,4.5,"阿蘇山周辺"
"16/04/16 02:07",16,32.88,130.89,3,"阿蘇山周辺"
"16/04/16 02:05",16,32.78,130.76,3.6,"熊本県北部"
"16/04/16 02:04",16,32.75,130.74,4.8,"熊本県北部"
"16/04/16 02:02",16,32.78,130.81,,"熊本県北部"
"16/04/16 01:59",16,32.75,130.67,4.1,"熊本県中部"
"16/04/16 01:58",16,32.68,130.75,4.2,"熊本県中部"
"16/04/16 01:58",16,32.78,130.78,4,"熊本県北部"
"16/04/16 01:57",16,33.29,131.47,3.7,"別府付近"
"16/04/16 01:57",16,32.74,130.76,3.9,"熊本県中部"
"16/04/16 01:56",16,32.8,130.81,4.7,"熊本県北部"
"16/04/16 01:56",16,33.29,131.45,3.6,"別府付近"
"16/04/16 01:54",16,33.32,131.48,2.8,"別府付近"
"16/04/16 01:54",16,33.28,131.38,2.8,"大分県東部"
"16/04/16 01:51",16,32.96,131.12,3.3,"阿蘇山周辺"
"16/04/16 01:50",16,33.28,131.41,3.1,"別府付近"
"16/04/16 01:49",16,33.27,131.37,3.3,"大分県東部"
"16/04/16 01:48",16,32.69,130.74,3.9,"熊本県中部"
"16/04/16 01:44",16,32.76,130.78,5.6,"熊本県北部"
"16/04/16 01:42",16,33.26,131.38,2.9,"大分県東部"
"16/04/16 01:41",16,32.91,131.01,3.7,"阿蘇山周辺"
"16/04/16 01:41",16,32.67,130.72,4,"熊本県中部"
"16/04/16 01:40",16,32.85,130.83,4.1,"熊本県北部"
"16/04/16 01:39",16,32.7,130.77,3.9,"熊本県中部"
"16/04/16 01:39",16,33.27,131.37,3.6,"大分県東部"
"16/04/16 01:38",16,32.74,130.76,4.6,"熊本県中部"
"16/04/16 01:38",16,33.29,131.45,3.5,"別府付近"
"16/04/16 01:36",16,32.97,131.09,3.9,"阿蘇山周辺"
"16/04/16 01:34",16,32.77,130.76,4.4,"熊本県北部"
"16/04/16 01:34",16,32.74,130.78,4.4,"熊本県中部"
"16/04/16 01:34",16,32.77,130.77,3.6,"熊本県北部"
"16/04/16 01:33",16,32.83,130.82,4.7,"熊本県北部"
"16/04/16 01:30",16,32.66,130.72,5.4,"熊本県中部"
"16/04/16 01:30",16,32.86,130.9,4.3,"阿蘇山周辺"
"16/04/16 01:30",16,32.84,130.81,4.5,"熊本県北部"
"16/04/16 01:29",16,32.75,130.8,3.6,"熊本県北部"
"16/04/16 01:28",16,32.9,130.92,3.8,"阿蘇山周辺"
"16/04/16 01:25",16,32.75,130.77,6.6,"熊本県北部"
"16/04/16 01:23",16,32.77,130.77,1.6,"熊本県北部"
"16/04/16 01:22",16,32.75,130.82,1.9,"熊本県北部"
"16/04/16 01:19",16,32.73,130.77,2.4,"熊本県中部"
"16/04/16 01:15",16,32.78,130.83,1.6,"熊本県北部"
"16/04/16 01:14",16,32.72,130.81,2.7,"熊本県中部"
"16/04/16 01:13",16,32.76,130.81,2.4,"熊本県北部"
"16/04/16 01:05",16,32.72,130.81,3.5,"熊本県中部"
"16/04/16 01:04",16,32.78,130.8,0.8,"熊本県北部"
"16/04/16 01:02",16,32.71,130.77,2,"熊本県中部"
"16/04/16 01:01",16,32.75,130.8,1.1,"熊本県中部"
"16/04/16 00:57",16,32.83,130.88,1.5,"阿蘇山周辺"
"16/04/16 00:55",16,32.76,130.81,1.9,"熊本県北部"
"16/04/16 00:53",16,32.87,130.89,1.3,"阿蘇山周辺"
"16/04/16 00:52",16,32.77,130.84,0.9,"熊本県北部"
"16/04/16 00:50",16,32.81,130.83,1.2,"熊本県北部"
"16/04/16 00:43",16,32.01,131.34,,"宮崎県南東部"
"16/04/16 00:42",16,32.68,130.75,1.4,"熊本県中部"
"16/04/16 00:41",16,32.8,130.85,1.1,"熊本県北部"
"16/04/16 00:34",16,32.73,130.78,1.5,"熊本県中部"
"16/04/16 00:33",16,32.88,130.89,1.1,"阿蘇山周辺"
"16/04/16 00:28",16,32.73,130.78,1.2,"熊本県中部"
"16/04/16 00:26",16,33.49,132.34,,"伊予灘・四国西部"
"16/04/16 00:25",16,32.68,130.76,2.4,"熊本県中部"
"16/04/16 00:23",16,32.72,130.78,2,"熊本県中部"
"16/04/16 00:21",16,32.69,130.76,3,"熊本県中部"
"16/04/16 00:19",16,32.79,130.83,1.9,"熊本県北部"
"16/04/16 00:15",16,32.92,130.98,0.8,"阿蘇山周辺"
"16/04/16 00:14",16,32.66,130.73,1.3,"熊本県中部"
"16/04/16 00:13",16,32.67,131.15,2.1,"宮崎県北部"
"16/04/16 00:09",16,32.74,130.78,1.2,"熊本県中部"
"16/04/16 00:08",16,32.75,130.77,1.3,"熊本県中部"
"16/04/16 00:06",16,32.67,130.72,1.6,"熊本県中部"
"16/04/16 00:05",16,32.73,130.74,1.6,"熊本県中部"
"16/04/16 00:01",16,32.75,130.81,0.8,"熊本県中部"
"16/04/15 23:59",15,32.73,130.79,0.9,"熊本県中部"
"16/04/15 23:57",15,32.86,130.9,1.4,"阿蘇山周辺"
"16/04/15 23:56",15,32.74,130.59,1.7,"熊本県中部"
"16/04/15 23:54",15,32.69,130.75,1.3,"熊本県中部"
"16/04/15 23:52",15,32.78,130.85,2.4,"阿蘇山周辺"
"16/04/15 23:48",15,32.72,130.76,1.9,"熊本県中部"
"16/04/15 23:41",15,32.72,130.77,0.8,"熊本県中部"
"16/04/15 23:39",15,32.71,130.78,1.1,"熊本県中部"
"16/04/15 23:38",15,32.67,130.74,1.1,"熊本県中部"
"16/04/15 23:38",15,32.76,130.77,1.9,"熊本県北部"
"16/04/15 23:37",15,32.23,130.77,1,"熊本県南部"
"16/04/15 23:34",15,32.69,130.73,2,"熊本県中部"
"16/04/15 23:33",15,32.74,130.78,0.9,"熊本県中部"
"16/04/15 23:30",15,32.76,130.76,1.6,"熊本県北部"
"16/04/15 23:30",15,32.71,130.8,2.2,"熊本県中部"
"16/04/15 23:26",15,32.28,129.86,1.8,"天草灘"
"16/04/15 23:24",15,32.67,130.73,1.3,"熊本県中部"
"16/04/15 23:23",15,32.76,130.79,1.5,"熊本県北部"
"16/04/15 23:22",15,32.76,130.8,2.2,"熊本県北部"
"16/04/15 23:17",15,32.86,130.87,3.8,"阿蘇山周辺"
"16/04/15 23:15",15,32.74,130.78,1.6,"熊本県中部"
"16/04/15 23:12",15,32.75,130.78,2.7,"熊本県北部"
"16/04/15 23:11",15,32.79,130.84,1.3,"熊本県北部"
"16/04/15 23:10",15,32.82,130.87,0.8,"阿蘇山周辺"
"16/04/15 23:08",15,32.78,130.84,0.7,"熊本県北部"
"16/04/15 23:00",15,32.69,130.81,1.7,"熊本県中部"
"16/04/15 22:54",15,32.68,130.73,1.9,"熊本県中部"
"16/04/15 22:45",15,32.78,130.84,1.5,"熊本県北部"
"16/04/15 22:44",15,32.7,130.74,1.7,"熊本県中部"
"16/04/15 22:42",15,32.78,130.84,2.9,"熊本県北部"
"16/04/15 22:41",15,32.67,130.74,1.4,"熊本県中部"
"16/04/15 22:38",15,32.71,130.75,2.3,"熊本県中部"
"16/04/15 22:33",15,32.73,130.76,3.5,"熊本県中部"
"16/04/15 22:23",15,32.78,130.74,2.8,"熊本県北部"
"16/04/15 22:22",15,32.66,130.74,1.5,"熊本県中部"
"16/04/15 22:21",15,32.85,130.9,2.3,"阿蘇山周辺"
"16/04/15 22:19",15,32.73,130.8,1,"熊本県中部"
"16/04/15 22:18",15,32.8,130.81,1.1,"熊本県北部"
"16/04/15 22:14",15,32.75,130.79,1.5,"熊本県中部"
"16/04/15 22:12",15,32.72,130.77,1.4,"熊本県中部"
"16/04/15 22:05",15,32.72,130.76,1.8,"熊本県中部"
"16/04/15 22:03",15,32.74,130.79,1.5,"熊本県中部"
"16/04/15 22:02",15,32.81,130.78,1.3,"熊本県北部"
"16/04/15 22:01",15,32.79,130.85,1.4,"阿蘇山周辺"
"16/04/15 22:01",15,32.79,130.86,1.4,"阿蘇山周辺"
"16/04/15 22:00",15,32.73,130.78,2.5,"熊本県中部"
"16/04/15 21:58",15,32.85,130.9,1.6,"阿蘇山周辺"
"16/04/15 21:55",15,32.82,130.54,1,"熊本県北部"
"16/04/15 21:49",15,32.72,130.77,1,"熊本県中部"
"16/04/15 21:47",15,32.75,130.79,2.1,"熊本県中部"
"16/04/15 21:45",15,32.75,130.75,0.9,"熊本県北部"
"16/04/15 21:42",15,32.67,130.75,1.9,"熊本県中部"
"16/04/15 21:32",15,32.72,130.75,2.7,"熊本県中部"
"16/04/15 21:30",15,32.71,130.77,2.2,"熊本県中部"
"16/04/15 21:27",15,32.71,130.75,2.7,"熊本県中部"
"16/04/15 21:23",15,32.75,130.79,1.5,"熊本県中部"
"16/04/15 21:18",15,32.78,130.85,2.3,"阿蘇山周辺"
"16/04/15 21:17",15,32.69,130.74,1.7,"熊本県中部"
"16/04/15 21:14",15,32.68,130.74,1.1,"熊本県中部"
"16/04/15 21:12",15,32.86,130.9,1.9,"阿蘇山周辺"
"16/04/15 21:09",15,32.78,130.74,1.6,"熊本県北部"
"16/04/15 21:08",15,32.76,130.81,2.4,"熊本県北部"
"16/04/15 21:06",15,32.78,130.84,1.3,"熊本県北部"
"16/04/15 20:57",15,32.65,130.74,1.2,"熊本県中部"
"16/04/15 20:57",15,32.78,130.84,1.2,"熊本県北部"
"16/04/15 20:54",15,32.79,130.77,2.2,"熊本県北部"
"16/04/15 20:50",15,32.76,130.82,2.4,"熊本県北部"
"16/04/15 20:46",15,32.77,130.82,2,"熊本県北部"
"16/04/15 20:45",15,32.68,130.74,1.7,"熊本県中部"
"16/04/15 20:44",15,32.75,130.8,2.2,"熊本県中部"
"16/04/15 20:38",15,32.7,130.74,1.4,"熊本県中部"
"16/04/15 20:28",15,32.7,130.75,1,"熊本県中部"
"16/04/15 20:26",15,32.76,130.77,1.4,"熊本県北部"
"16/04/15 20:26",15,32.7,130.75,1.4,"熊本県中部"
"16/04/15 20:24",15,32.7,130.74,1.6,"熊本県中部"
"16/04/15 20:15",15,32.7,130.75,4,"熊本県中部"
"16/04/15 20:13",15,32.72,130.75,2.5,"熊本県中部"
"16/04/15 20:10",15,32.77,130.75,1.5,"熊本県北部"
"16/04/15 20:08",15,32.75,130.81,1.5,"熊本県北部"
"16/04/15 20:06",15,32.84,130.88,1.4,"阿蘇山周辺"
"16/04/15 19:56",15,32.85,130.88,1.3,"阿蘇山周辺"
"16/04/15 19:56",15,32.7,130.77,1.6,"熊本県中部"
"16/04/15 19:48",15,32.73,130.76,1.4,"熊本県中部"
"16/04/15 19:43",15,32.78,130.78,2.3,"熊本県北部"
"16/04/15 19:41",15,32.79,130.84,1.9,"熊本県北部"
"16/04/15 19:36",15,32.76,130.76,1.3,"熊本県北部"
"16/04/15 19:29",15,32.74,130.79,1.7,"熊本県中部"
"16/04/15 19:27",15,32.79,130.84,2.2,"熊本県北部"
"16/04/15 19:25",15,32.73,130.76,1.4,"熊本県中部"
"16/04/15 19:20",15,32.77,130.84,1.7,"熊本県北部"
"16/04/15 19:11",15,32.68,130.73,1.5,"熊本県中部"
"16/04/15 19:10",15,32.72,130.75,1.4,"熊本県中部"
"16/04/15 19:09",15,32.78,130.84,1.1,"熊本県北部"
"16/04/15 19:01",15,32.72,130.77,1.4,"熊本県中部"
"16/04/15 18:57",15,32.74,130.81,1.3,"熊本県中部"
"16/04/15 18:52",15,32.56,130.7,2.3,"熊本県中部"
"16/04/15 18:50",15,32.69,130.75,2.6,"熊本県中部"
"16/04/15 18:48",15,32.71,130.75,4.1,"熊本県中部"
"16/04/15 18:47",15,32.66,130.72,2.1,"熊本県中部"
"16/04/15 18:40",15,32.86,130.9,0.9,"阿蘇山周辺"
"16/04/15 18:34",15,32.77,130.88,1.2,"阿蘇山周辺"
"16/04/15 18:27",15,32.79,130.83,1.6,"熊本県北部"
"16/04/15 18:25",15,32.72,130.77,1.4,"熊本県中部"
"16/04/15 18:14",15,32.83,130.88,3.7,"阿蘇山周辺"
"16/04/15 18:05",15,32.79,130.85,1.7,"阿蘇山周辺"
"16/04/15 18:01",15,32.83,130.88,1.3,"阿蘇山周辺"
"16/04/15 17:42",15,32.71,130.77,1.3,"熊本県中部"
"16/04/15 17:39",15,32.84,130.88,3.4,"阿蘇山周辺"
"16/04/15 17:35",15,32.71,130.76,2.7,"熊本県中部"
"16/04/15 17:34",15,32.68,130.74,1.9,"熊本県中部"
"16/04/15 17:32",15,32.7,130.76,1.5,"熊本県中部"
"16/04/15 17:30",15,32.76,130.83,1.9,"熊本県北部"
"16/04/15 17:30",15,32.75,130.79,1.4,"熊本県北部"
"16/04/15 17:27",15,32.77,130.82,2.9,"熊本県北部"
"16/04/15 17:25",15,32.84,130.88,3.7,"阿蘇山周辺"
"16/04/15 17:23",15,32.69,130.76,1.1,"熊本県中部"
"16/04/15 17:20",15,32.77,130.81,1.5,"熊本県北部"
"16/04/15 17:16",15,32.79,130.85,2.2,"阿蘇山周辺"
"16/04/15 17:11",15,32.73,130.79,1.9,"熊本県中部"
"16/04/15 17:07",15,32.8,130.76,2.7,"熊本県北部"
"16/04/15 17:05",15,32.72,130.77,1.8,"熊本県中部"
"16/04/15 17:03",15,32.78,130.82,1.4,"熊本県北部"
"16/04/15 17:04",15,32.68,130.73,2.8,"熊本県中部"
"16/04/15 17:02",15,32.72,130.79,1.3,"熊本県中部"
"16/04/15 17:00",15,32.77,130.82,2.2,"熊本県北部"
"16/04/15 16:55",15,32.72,130.78,1.8,"熊本県中部"
"16/04/15 16:54",15,32.74,130.8,2.2,"熊本県中部"
"16/04/15 16:51",15,32.77,130.81,3.5,"熊本県北部"
"16/04/15 16:44",15,32.73,130.79,3.5,"熊本県中部"
"16/04/15 16:40",15,32.78,130.83,2.7,"熊本県北部"
"16/04/15 16:37",15,33.52,130.84,2.2,"福岡県北部"
"16/04/15 16:32",15,32.78,131.1,2.2,"阿蘇山周辺"
"16/04/15 16:32",15,32.51,130.75,1.8,"熊本県中部"
"16/04/15 16:29",15,32.77,130.77,1.5,"熊本県北部"
"16/04/15 16:28",15,32.84,130.89,1.6,"阿蘇山周辺"
"16/04/15 16:24",15,32.7,130.74,1.8,"熊本県中部"
"16/04/15 16:23",15,32.74,130.76,3,"熊本県中部"
"16/04/15 16:15",15,32.7,130.75,2.6,"熊本県中部"
"16/04/15 16:11",15,32.77,130.84,1.3,"熊本県北部"
"16/04/15 16:00",15,32.64,130.84,1.7,"熊本県中部"
"16/04/15 15:53",15,32.69,130.74,1.3,"熊本県中部"
"16/04/15 15:43",15,32.66,130.75,1.4,"熊本県中部"
"16/04/15 15:42",15,32.74,130.8,1.9,"熊本県中部"
"16/04/15 15:35",15,32.74,130.79,1.7,"熊本県中部"
"16/04/15 15:34",15,32.78,130.77,2.8,"熊本県北部"
"16/04/15 15:27",15,32.84,130.88,4.3,"阿蘇山周辺"
"16/04/15 15:17",15,32.66,130.76,1.9,"熊本県中部"
"16/04/15 15:15",15,32.78,130.8,2.1,"熊本県北部"
"16/04/15 15:12",15,32.22,131.27,1.9,"宮崎県中部"
"16/04/15 15:11",15,32.74,130.78,1.6,"熊本県中部"
"16/04/15 14:57",15,32.81,130.85,3.2,"阿蘇山周辺"
"16/04/15 14:53",15,32.68,130.74,1.7,"熊本県中部"
"16/04/15 14:51",15,32.68,130.74,3.1,"熊本県中部"
"16/04/15 14:48",15,32.75,130.84,2.3,"熊本県北部"
"16/04/15 14:42",15,32.77,130.83,1.7,"熊本県北部"
"16/04/15 14:38",15,32.69,130.74,1.8,"熊本県中部"
"16/04/15 14:34",15,32.73,130.77,2.1,"熊本県中部"
"16/04/15 14:33",15,32.67,130.73,1.5,"熊本県中部"
"16/04/15 14:30",15,32.73,130.8,2.9,"熊本県中部"
"16/04/15 14:27",15,32.7,130.74,1.5,"熊本県中部"
"16/04/15 14:18",15,32.73,130.77,1.4,"熊本県中部"
"16/04/15 14:17",15,32.72,130.79,1.3,"熊本県中部"
"16/04/15 14:13",15,32.71,130.76,1.4,"熊本県中部"
"16/04/15 14:10",15,32.77,130.81,1.6,"熊本県北部"
"16/04/15 14:07",15,32.78,130.84,2.6,"熊本県北部"
"16/04/15 13:50",15,32.72,130.77,4.4,"熊本県中部"
"16/04/15 13:49",15,32.74,130.8,1.9,"熊本県中部"
"16/04/15 13:45",15,32.72,130.78,1.4,"熊本県中部"
"16/04/15 13:45",15,32.72,130.78,1.6,"熊本県中部"
"16/04/15 13:43",15,32.65,130.73,2.3,"熊本県中部"
"16/04/15 13:40",15,32.73,130.77,2.6,"熊本県中部"
"16/04/15 13:39",15,32.73,130.77,1.5,"熊本県中部"
"16/04/15 13:36",15,32.68,130.76,,"熊本県中部"
"16/04/15 13:32",15,32.08,131.83,3,"日向灘中部"
"16/04/15 13:29",15,32.75,130.8,1.7,"熊本県中部"
"16/04/15 13:18",15,32.78,130.85,2.8,"阿蘇山周辺"
"16/04/15 13:14",15,32.76,130.81,1.5,"熊本県北部"
"16/04/15 13:02",15,32.77,130.84,0.9,"熊本県北部"
"16/04/15 12:49",15,32.88,130.6,1.6,"熊本県北部"
"16/04/15 12:46",15,32.78,130.85,3.8,"阿蘇山周辺"
"16/04/15 12:45",15,32.95,131.04,1.8,"阿蘇山周辺"
"16/04/15 12:43",15,32.78,130.82,2.2,"熊本県北部"
"16/04/15 12:41",15,32.79,130.84,1.2,"熊本県北部"
"16/04/15 12:38",15,32.84,130.88,1.7,"阿蘇山周辺"
"16/04/15 12:29",15,32.81,130.84,2.1,"熊本県北部"
"16/04/15 12:29",15,32.77,130.84,2.3,"熊本県北部"
"16/04/15 12:27",15,32.68,130.75,3.4,"熊本県中部"
"16/04/15 12:25",15,32.74,130.78,2,"熊本県中部"
"16/04/15 12:24",15,32.76,130.81,2.7,"熊本県北部"
"16/04/15 12:20",15,32.82,130.85,2.1,"阿蘇山周辺"
"16/04/15 12:13",15,32.84,130.64,2.4,"熊本県北部"
"16/04/15 12:12",15,32.69,130.74,1.8,"熊本県中部"
"16/04/15 12:12",15,32.72,130.75,1.3,"熊本県中部"
"16/04/15 12:05",15,32.67,130.74,3.5,"熊本県中部"
"16/04/15 12:03",15,32.78,130.85,1.6,"阿蘇山周辺"
"16/04/15 12:02",15,32.79,130.86,3.2,"阿蘇山周辺"
"16/04/15 12:01",15,32.75,130.77,1.5,"熊本県中部"
"16/04/15 11:58",15,32.75,130.81,1.5,"熊本県中部"
"16/04/15 11:55",15,32.78,130.81,1.6,"熊本県北部"
"16/04/15 11:53",15,32.8,130.84,2.6,"熊本県北部"
"16/04/15 11:47",15,32.74,130.8,1.5,"熊本県中部"
"16/04/15 11:44",15,32.79,130.84,1.9,"熊本県北部"
"16/04/15 11:36",15,33.75,130.59,2.8,"福岡県北部"
"16/04/15 11:35",15,32.7,130.75,1.4,"熊本県中部"
"16/04/15 11:35",15,33.11,130.82,2,"熊本県北部"
"16/04/15 11:35",15,32.83,130.87,1.3,"阿蘇山周辺"
"16/04/15 11:33",15,32.65,130.73,1.3,"熊本県中部"
"16/04/15 11:25",15,33.64,130.28,0.9,"福岡県北西沖"
"16/04/15 11:24",15,32.69,130.75,1.7,"熊本県中部"
"16/04/15 11:17",15,32.58,130.75,2,"熊本県中部"
"16/04/15 11:15",15,32.68,130.75,1.6,"熊本県中部"
"16/04/15 11:09",15,32.71,130.75,2.9,"熊本県中部"
"16/04/15 11:08",15,32.71,130.75,3.2,"熊本県中部"
"16/04/15 11:07",15,32.7,130.75,1.5,"熊本県中部"
"16/04/15 11:06",15,32.68,130.74,1.8,"熊本県中部"
"16/04/15 11:04",15,32.73,130.79,2.2,"熊本県中部"
"16/04/15 11:00",15,32.84,130.88,1.7,"阿蘇山周辺"
"16/04/15 10:58",15,32.66,130.76,1.5,"熊本県中部"
"16/04/15 10:54",15,32.71,130.74,1.8,"熊本県中部"
"16/04/15 10:52",15,32.73,130.78,3.2,"熊本県中部"
"16/04/15 10:50",15,32.72,130.78,1.3,"熊本県中部"
"16/04/15 10:49",15,32.79,130.85,1.9,"阿蘇山周辺"
"16/04/15 10:38",15,32.68,130.73,2.7,"熊本県中部"
"16/04/15 10:33",15,32.84,130.87,1.6,"阿蘇山周辺"
"16/04/15 10:24",15,32.78,130.83,2,"熊本県北部"
"16/04/15 10:19",15,32.68,130.76,1.8,"熊本県中部"
"16/04/15 10:19",15,32.68,130.76,1.8,"熊本県中部"
"16/04/15 10:18",15,32.68,130.75,1.9,"熊本県中部"
"16/04/15 10:16",15,32.79,130.83,2.9,"熊本県北部"
"16/04/15 10:11",15,32.7,130.77,1.5,"熊本県中部"
"16/04/15 10:07",15,32.44,129.81,2.8,"天草灘"
"16/04/15 09:53",15,32.71,130.75,4.2,"熊本県中部"
"16/04/15 09:35",15,32.68,130.75,2,"熊本県中部"
"16/04/15 09:33",15,32.23,131.08,3,"宮崎県中部"
"16/04/15 09:33",15,32.69,130.73,1.6,"熊本県中部"
"16/04/15 09:32",15,32.81,130.86,2.1,"阿蘇山周辺"
"16/04/15 09:21",15,32.71,130.78,3.1,"熊本県中部"
"16/04/15 09:17",15,32.85,130.88,1.9,"阿蘇山周辺"
"16/04/15 09:14",15,33.45,132.57,3.1,"伊予灘・四国西部"
"16/04/15 09:12",15,32.79,130.85,2,"阿蘇山周辺"
"16/04/15 09:11",15,32.75,130.79,1.5,"熊本県中部"
"16/04/15 09:02",15,32.7,130.75,4,"熊本県中部"
"16/04/15 09:00",15,32.71,130.77,2.6,"熊本県中部"
"16/04/15 08:57",15,32.73,130.78,1.8,"熊本県中部"
"16/04/15 08:48",15,32.71,130.76,3.2,"熊本県中部"
"16/04/15 08:46",15,32.7,130.75,2.1,"熊本県中部"
"16/04/15 08:40",15,32.78,130.83,2.8,"熊本県北部"
"16/04/15 08:38",15,32.75,130.8,2.7,"熊本県中部"
"16/04/15 08:34",15,32.76,130.83,2,"熊本県北部"
"16/04/15 08:33",15,32.67,130.74,3.5,"熊本県中部"
"16/04/15 08:31",15,32.71,130.77,2.8,"熊本県中部"
"16/04/15 08:27",15,32.69,130.72,1.8,"熊本県中部"
"16/04/15 08:26",15,33.24,131.18,2.9,"大分県西部"
"16/04/15 08:24",15,32.7,130.74,1.9,"熊本県中部"
"16/04/15 08:16",15,32.73,130.79,2.8,"熊本県中部"
"16/04/15 08:10",15,32.73,130.79,3,"熊本県中部"
"16/04/15 08:07",15,32.76,130.83,3.2,"熊本県北部"
"16/04/15 07:59",15,32.78,130.82,1.7,"熊本県北部"
"16/04/15 07:56",15,32.73,130.8,3.6,"熊本県中部"
"16/04/15 07:55",15,32.71,130.78,3.5,"熊本県中部"
"16/04/15 07:48",15,32.74,130.79,2.8,"熊本県中部"
"16/04/15 07:46",15,32.73,130.8,4.7,"熊本県中部"
"16/04/15 07:45",15,32.67,130.75,1.7,"熊本県中部"
"16/04/15 07:34",15,32.71,130.74,3.6,"熊本県中部"
"16/04/15 07:31",15,32.75,130.78,2.6,"熊本県中部"
"16/04/15 07:29",15,32.84,130.89,4.3,"阿蘇山周辺"
"16/04/15 07:26",15,32.71,130.77,1.6,"熊本県中部"
"16/04/15 07:26",15,32.79,130.85,1.8,"阿蘇山周辺"
"16/04/15 07:20",15,32.67,130.73,3.9,"熊本県中部"
"16/04/15 07:18",15,32.73,130.77,2.3,"熊本県中部"
"16/04/15 07:16",15,32.76,130.83,2.8,"熊本県北部"
"16/04/15 07:15",15,32.73,130.77,1.2,"熊本県中部"
"16/04/15 07:13",15,32.72,130.75,2.1,"熊本県中部"
"16/04/15 07:12",15,32.7,130.77,2.7,"熊本県中部"
"16/04/15 07:10",15,32.75,130.79,3,"熊本県中部"
"16/04/15 07:08",15,32.7,130.75,2.4,"熊本県中部"
"16/04/15 07:04",15,32.78,130.83,3.2,"熊本県北部"
"16/04/15 07:01",15,32.76,130.81,3.3,"熊本県北部"
"16/04/15 07:01",15,32.75,130.8,3.2,"熊本県北部"
"16/04/15 06:54",15,32.69,130.76,1.3,"熊本県中部"
"16/04/15 06:53",15,32.72,130.77,2.7,"熊本県中部"
"16/04/15 06:52",15,32.69,130.74,1.4,"熊本県中部"
"16/04/15 06:51",15,32.76,130.78,1.7,"熊本県北部"
"16/04/15 06:51",15,32.74,130.79,1.8,"熊本県中部"
"16/04/15 06:47",15,32.77,130.83,2.2,"熊本県北部"
"16/04/15 06:43",15,32.68,130.73,2,"熊本県中部"
"16/04/15 06:41",15,32.8,130.84,2.3,"熊本県北部"
"16/04/15 06:37",15,32.73,130.79,2.3,"熊本県中部"
"16/04/15 06:36",15,32.74,130.79,2.3,"熊本県中部"
"16/04/15 06:35",15,32.67,130.74,2.8,"熊本県中部"
"16/04/15 06:34",15,32.68,130.74,1.9,"熊本県中部"
"16/04/15 06:32",15,32.74,130.79,1.6,"熊本県中部"
"16/04/15 06:31",15,32.78,130.83,1.6,"熊本県北部"
"16/04/15 06:31",15,32.79,130.85,1.9,"阿蘇山周辺"
"16/04/15 06:29",15,32.68,130.74,2.4,"熊本県中部"
"16/04/15 06:28",15,32.69,130.76,1.6,"熊本県中部"
"16/04/15 06:24",15,32.67,130.76,3.3,"熊本県中部"
"16/04/15 06:19",15,32.69,130.75,3.2,"熊本県中部"
"16/04/15 06:17",15,32.75,130.79,2.7,"熊本県北部"
"16/04/15 06:10",15,32.71,130.77,3.6,"熊本県中部"
"16/04/15 06:10",15,32.71,130.77,3.5,"熊本県中部"
"16/04/15 06:05",15,32.7,130.76,2.5,"熊本県中部"
"16/04/15 06:02",15,32.77,130.83,2.3,"熊本県北部"
"16/04/15 05:58",15,32.76,130.8,2.1,"熊本県北部"
"16/04/15 05:57",15,32.73,130.77,1.6,"熊本県中部"
"16/04/15 05:57",15,32.73,130.78,1.5,"熊本県中部"
"16/04/15 05:57",15,32.73,130.78,1.6,"熊本県中部"
"16/04/15 05:55",15,32.76,130.81,2.9,"熊本県北部"
"16/04/15 05:53",15,32.72,130.76,2.3,"熊本県中部"
"16/04/15 05:51",15,32.72,130.79,2.3,"熊本県中部"
"16/04/15 05:49",15,32.76,130.81,2.3,"熊本県北部"
"16/04/15 05:46",15,32.76,130.82,2.2,"熊本県北部"
"16/04/15 05:45",15,32.75,130.83,2.2,"熊本県北部"
"16/04/15 05:44",15,32.7,130.75,2,"熊本県中部"
"16/04/15 05:43",15,32.7,130.76,1.5,"熊本県中部"
"16/04/15 05:42",15,32.76,130.85,3.2,"阿蘇山周辺"
"16/04/15 05:40",15,32.7,130.75,1.7,"熊本県中部"
"16/04/15 05:38",15,32.69,130.75,2.4,"熊本県中部"
"16/04/15 05:33",15,32.65,130.74,2.2,"熊本県中部"
"16/04/15 05:31",15,32.7,130.74,4,"熊本県中部"
"16/04/15 05:29",15,32.76,130.81,3.1,"熊本県北部"
"16/04/15 05:29",15,32.76,130.81,3.1,"熊本県北部"
"16/04/15 05:27",15,32.73,130.78,1.5,"熊本県中部"
"16/04/15 05:25",15,32.84,130.96,1.8,"阿蘇山周辺"
"16/04/15 05:23",15,32.7,130.76,2.7,"熊本県中部"
"16/04/15 05:21",15,32.69,130.76,2.1,"熊本県中部"
"16/04/15 05:20",15,32.72,130.77,2.8,"熊本県中部"
"16/04/15 05:16",15,32.76,130.83,2.4,"熊本県北部"
"16/04/15 05:10",15,32.76,130.81,4.6,"熊本県北部"
"16/04/15 05:09",15,32.69,130.76,1.7,"熊本県中部"
"16/04/15 05:04",15,32.74,130.79,2,"熊本県中部"
"16/04/15 05:01",15,32.7,130.75,3.6,"熊本県中部"
"16/04/15 05:00",15,32.77,130.82,1.8,"熊本県北部"
"16/04/15 04:58",15,32.78,130.81,2.2,"熊本県北部"
"16/04/15 04:57",15,32.68,130.74,3,"熊本県中部"
"16/04/15 04:54",15,32.68,130.74,3.3,"熊本県中部"
"16/04/15 04:51",15,32.85,130.94,2.1,"阿蘇山周辺"
"16/04/15 04:51",15,32.84,130.96,2,"阿蘇山周辺"
"16/04/15 04:48",15,32.8,130.82,2.3,"熊本県北部"
"16/04/15 04:46",15,32.74,130.76,1.8,"熊本県中部"
"16/04/15 04:44",15,32.78,130.84,3.2,"熊本県北部"
"16/04/15 04:40",15,32.68,130.72,1.8,"熊本県中部"
"16/04/15 04:39",15,32.68,130.74,1.9,"熊本県中部"
"16/04/15 04:36",15,32.79,130.85,2.7,"阿蘇山周辺"
"16/04/15 04:34",15,32.71,130.76,3.3,"熊本県中部"
"16/04/15 04:32",15,32.72,130.77,2.2,"熊本県中部"
"16/04/15 04:31",15,32.71,130.76,1.4,"熊本県中部"
"16/04/15 04:28",15,32.71,130.76,2.9,"熊本県中部"
"16/04/15 04:28",15,32.68,130.74,2,"熊本県中部"
"16/04/15 04:23",15,32.74,130.76,3.5,"熊本県中部"
"16/04/15 04:19",15,32.66,130.74,3.2,"熊本県中部"
"16/04/15 04:16",15,32.7,130.74,2,"熊本県中部"
"16/04/15 04:15",15,32.92,130.76,,"熊本県北部"
"16/04/15 04:14",15,32.78,130.8,1.6,"熊本県北部"
"16/04/15 04:13",15,32.71,130.77,1.7,"熊本県中部"
"16/04/15 04:12",15,32.79,130.83,1.8,"熊本県北部"
"16/04/15 04:10",15,32.73,130.78,2,"熊本県中部"
"16/04/15 04:09",15,32.73,130.76,2.3,"熊本県中部"
"16/04/15 04:07",15,32.75,130.79,1.8,"熊本県北部"
"16/04/15 04:05",15,32.74,130.8,2,"熊本県中部"
"16/04/15 04:04",15,32.71,130.76,2.6,"熊本県中部"
"16/04/15 04:01",15,32.73,130.79,2.5,"熊本県中部"
"16/04/15 04:01",15,32.7,130.76,2.1,"熊本県中部"
"16/04/15 03:59",15,32.72,130.75,3.5,"熊本県中部"
"16/04/15 03:57",15,32.75,130.77,2.1,"熊本県中部"
"16/04/15 03:57",15,32.74,130.77,2,"熊本県中部"
"16/04/15 03:54",15,32.72,130.77,2.9,"熊本県中部"
"16/04/15 03:53",15,32.78,130.82,2.3,"熊本県北部"
"16/04/15 03:50",15,32.67,130.74,3.6,"熊本県中部"
"16/04/15 03:48",15,32.68,130.74,3,"熊本県中部"
"16/04/15 03:46",15,32.67,130.74,2.6,"熊本県中部"
"16/04/15 03:45",15,32.83,130.88,1.9,"阿蘇山周辺"
"16/04/15 03:44",15,32.77,130.75,1.7,"熊本県北部"
"16/04/15 03:43",15,32.67,130.75,1.8,"熊本県中部"
"16/04/15 03:42",15,32.72,130.77,3.4,"熊本県中部"
"16/04/15 03:41",15,32.72,130.78,1.7,"熊本県中部"
"16/04/15 03:40",15,32.69,130.75,1.9,"熊本県中部"
"16/04/15 03:36",15,32.67,130.74,4.3,"熊本県中部"
"16/04/15 03:35",15,32.73,130.78,2.9,"熊本県中部"
"16/04/15 03:34",15,32.74,130.78,2.5,"熊本県中部"
"16/04/15 03:31",15,32.73,130.78,2.3,"熊本県中部"
"16/04/15 03:30",15,32.69,130.75,1.7,"熊本県中部"
"16/04/15 03:29",15,32.68,130.75,3.1,"熊本県中部"
"16/04/15 03:27",15,32.67,130.73,1.8,"熊本県中部"
"16/04/15 03:25",15,32.82,130.86,2.5,"阿蘇山周辺"
"16/04/15 03:24",15,32.68,130.74,2.6,"熊本県中部"
"16/04/15 03:22",15,32.75,130.82,2.8,"熊本県北部"
"16/04/15 03:19",15,32.7,130.76,2.5,"熊本県中部"
"16/04/15 03:17",15,32.68,130.79,1.9,"熊本県中部"
"16/04/15 03:15",15,32.71,130.73,2.2,"熊本県中部"
"16/04/15 03:13",15,32.69,130.75,3.4,"熊本県中部"
"16/04/15 03:10",15,32.67,130.74,3.1,"熊本県中部"
"16/04/15 03:09",15,32.69,130.76,3.3,"熊本県中部"
"16/04/15 03:08",15,32.74,130.81,1.9,"熊本県中部"
"16/04/15 03:07",15,32.71,130.79,2.4,"熊本県中部"
"16/04/15 03:06",15,32.75,130.82,2.2,"熊本県中部"
"16/04/15 03:05",15,32.73,130.78,1.3,"熊本県中部"
"16/04/15 03:04",15,32.69,130.76,2,"熊本県中部"
"16/04/15 03:04",15,32.7,130.75,1.9,"熊本県中部"
"16/04/15 03:03",15,32.75,130.8,2.3,"熊本県中部"
"16/04/15 03:02",15,32.66,130.73,1.9,"熊本県中部"
"16/04/15 03:00",15,32.7,130.76,2.1,"熊本県中部"
"16/04/15 02:57",15,32.79,130.83,1.9,"熊本県北部"
"16/04/15 02:56",15,32.76,130.82,2.5,"熊本県北部"
"16/04/15 02:55",15,32.78,130.83,2.4,"熊本県北部"
"16/04/15 02:53",15,32.7,130.75,2.3,"熊本県中部"
"16/04/15 02:51",15,32.76,130.77,2.2,"熊本県北部"
"16/04/15 02:49",15,32.8,130.85,1.7,"熊本県北部"
"16/04/15 02:49",15,32.77,130.83,1.4,"熊本県北部"
"16/04/15 02:46",15,32.69,130.75,3.7,"熊本県中部"
"16/04/15 02:44",15,32.69,130.75,2.3,"熊本県中部"
"16/04/15 02:43",15,32.66,130.75,1.5,"熊本県中部"
"16/04/15 02:40",15,32.76,130.83,1.8,"熊本県北部"
"16/04/15 02:38",15,32.7,130.75,2.8,"熊本県中部"
"16/04/15 02:36",15,32.72,130.78,1.9,"熊本県中部"
"16/04/15 02:36",15,32.79,130.8,1.8,"熊本県北部"
"16/04/15 02:35",15,32.73,130.77,2,"熊本県中部"
"16/04/15 02:32",15,32.71,130.76,2.1,"熊本県中部"
"16/04/15 02:30",15,32.73,130.77,2.8,"熊本県中部"
"16/04/15 02:28",15,32.73,130.78,3,"熊本県中部"
"16/04/15 02:25",15,32.77,130.81,2.1,"熊本県北部"
"16/04/15 02:25",15,32.78,130.83,1.8,"熊本県北部"
"16/04/15 02:23",15,32.7,130.75,3,"熊本県中部"
"16/04/15 02:21",15,32.76,130.81,2.7,"熊本県北部"
"16/04/15 02:21",15,32.71,130.77,2,"熊本県中部"
"16/04/15 02:19",15,32.65,130.74,2.7,"熊本県中部"
"16/04/15 02:14",15,32.71,130.76,4.2,"熊本県中部"
"16/04/15 02:10",15,32.74,130.81,3.6,"熊本県中部"
"16/04/15 02:10",15,32.76,130.79,1.8,"熊本県北部"
"16/04/15 02:09",15,32.77,130.83,2.7,"熊本県北部"
"16/04/15 02:06",15,32.7,130.75,3.1,"熊本県中部"
"16/04/15 02:05",15,32.7,130.76,2.4,"熊本県中部"
"16/04/15 02:04",15,32.71,130.76,3.1,"熊本県中部"
"16/04/15 02:04",15,32.81,130.84,2.4,"熊本県北部"
"16/04/15 02:02",15,32.76,130.8,2.8,"熊本県北部"
"16/04/15 02:00",15,32.69,130.75,2.4,"熊本県中部"
"16/04/15 02:00",15,32.69,130.75,2.3,"熊本県中部"
"16/04/15 01:59",15,32.76,130.81,3.8,"熊本県北部"
"16/04/15 01:58",15,32.72,130.79,2.1,"熊本県中部"
"16/04/15 01:53",15,32.7,130.76,5,"熊本県中部"
"16/04/15 01:51",15,32.76,130.83,3.1,"熊本県北部"
"16/04/15 01:50",15,32.68,130.74,2.2,"熊本県中部"
"16/04/15 01:48",15,32.72,130.78,3.3,"熊本県中部"
"16/04/15 01:45",15,32.74,130.76,2.9,"熊本県中部"
"16/04/15 01:45",15,32.76,130.8,1.9,"熊本県北部"
"16/04/15 01:44",15,32.73,130.79,2.5,"熊本県中部"
"16/04/15 01:40",15,32.7,130.75,2.2,"熊本県中部"
"16/04/15 01:39",15,32.73,130.78,2.8,"熊本県中部"
"16/04/15 01:38",15,32.71,130.77,2.1,"熊本県中部"
"16/04/15 01:35",15,32.78,130.84,3.8,"熊本県北部"
"16/04/15 01:34",15,32.76,130.79,2,"熊本県北部"
"16/04/15 01:30",15,32.7,130.75,3,"熊本県中部"
"16/04/15 01:28",15,32.72,130.77,1.9,"熊本県中部"
"16/04/15 01:25",15,32.8,130.84,3.4,"熊本県北部"
"16/04/15 01:24",15,32.71,130.76,2.2,"熊本県中部"
"16/04/15 01:21",15,32.67,130.74,4.3,"熊本県中部"
"16/04/15 01:19",15,32.68,130.74,2.8,"熊本県中部"
"16/04/15 01:18",15,32.68,130.73,2.4,"熊本県中部"
"16/04/15 01:17",15,32.68,130.74,3.3,"熊本県中部"
"16/04/15 01:14",15,32.65,130.74,2.1,"熊本県中部"
"16/04/15 01:14",15,32.74,130.76,2.3,"熊本県中部"
"16/04/15 01:12",15,32.65,130.73,3.1,"熊本県中部"
"16/04/15 01:10",15,32.78,130.83,3,"熊本県北部"
"16/04/15 01:09",15,32.7,130.75,2.5,"熊本県中部"
"16/04/15 01:08",15,32.71,130.76,2.7,"熊本県中部"
"16/04/15 01:06",15,32.7,130.76,2.7,"熊本県中部"
"16/04/15 01:04",15,32.77,130.82,4.3,"熊本県北部"
"16/04/15 01:02",15,32.65,130.73,3.1,"熊本県中部"
"16/04/15 01:01",15,32.78,130.82,2.6,"熊本県北部"
"16/04/15 01:01",15,32.78,130.84,2.6,"熊本県北部"
"16/04/15 01:00",15,32.68,130.74,3.4,"熊本県中部"
"16/04/15 00:58",15,32.73,130.77,2.7,"熊本県中部"
"16/04/15 00:55",15,32.79,130.87,2.8,"阿蘇山周辺"
"16/04/15 00:54",15,32.73,130.79,3.5,"熊本県中部"
"16/04/15 00:53",15,32.78,130.8,4.1,"熊本県北部"
"16/04/15 00:50",15,32.74,130.76,4.4,"熊本県中部"
"16/04/15 00:49",15,32.72,130.76,2.9,"熊本県中部"
"16/04/15 00:48",15,32.74,130.8,3.9,"熊本県中部"
"16/04/15 00:48",15,32.74,130.8,3.8,"熊本県中部"
"16/04/15 00:47",15,32.69,130.74,3.5,"熊本県中部"
"16/04/15 00:47",15,32.71,130.77,2.4,"熊本県中部"
"16/04/15 00:46",15,32.77,130.83,2.3,"熊本県北部"
"16/04/15 00:45",15,32.66,130.75,2.1,"熊本県中部"
"16/04/15 00:43",15,32.68,130.74,3.1,"熊本県中部"
"16/04/15 00:41",15,32.69,130.75,2.7,"熊本県中部"
"16/04/15 00:38",15,32.81,130.84,2.3,"熊本県北部"
"16/04/15 00:36",15,32.81,130.83,3.3,"熊本県北部"
"16/04/15 00:34",15,32.69,130.75,4.9,"熊本県中部"
"16/04/15 00:31",15,32.7,130.75,3.6,"熊本県中部"
"16/04/15 00:30",15,32.67,130.75,2.4,"熊本県中部"
"16/04/15 00:28",15,32.72,130.78,2.8,"熊本県中部"
"16/04/15 00:27",15,32.79,130.83,2.8,"熊本県北部"
"16/04/15 00:26",15,32.72,130.78,2.7,"熊本県中部"
"16/04/15 00:25",15,32.71,130.77,3,"熊本県中部"
"16/04/15 00:24",15,32.69,130.75,3.2,"熊本県中部"
"16/04/15 00:24",15,32.72,130.78,2.4,"熊本県中部"
"16/04/15 00:23",15,32.69,130.76,2.5,"熊本県中部"
"16/04/15 00:23",15,32.73,130.8,2.2,"熊本県中部"
"16/04/15 00:22",15,32.73,130.75,3.5,"熊本県中部"
"16/04/15 00:20",15,32.69,130.75,4.1,"熊本県中部"
"16/04/15 00:19",15,32.74,130.79,1.9,"熊本県中部"
"16/04/15 00:19",15,32.72,130.78,2.2,"熊本県中部"
"16/04/15 00:18",15,32.67,130.75,2.3,"熊本県中部"
"16/04/15 00:17",15,32.7,130.75,2.9,"熊本県中部"
"16/04/15 00:16",15,32.67,130.75,2.3,"熊本県中部"
"16/04/15 00:15",15,32.74,130.78,3.2,"熊本県中部"
"16/04/15 00:15",15,32.7,130.76,2.4,"熊本県中部"
"16/04/15 00:14",15,32.7,130.75,2.6,"熊本県中部"
"16/04/15 00:13",15,32.72,130.77,4,"熊本県中部"
"16/04/15 00:12",15,32.68,130.75,3.7,"熊本県中部"
"16/04/15 00:09",15,32.67,130.75,3.2,"熊本県中部"
"16/04/15 00:09",15,32.69,130.76,3.1,"熊本県中部"
"16/04/15 00:07",15,32.71,130.77,4.5,"熊本県中部"
"16/04/15 00:06",15,32.7,130.76,5.2,"熊本県中部"
"16/04/15 00:03",15,32.7,130.78,5.7,"熊本県中部"
"16/04/15 00:00",15,32.68,130.74,3.2,"熊本県中部"
"16/04/14 23:59",14,32.78,130.83,2.2,"熊本県北部"
"16/04/14 23:58",14,32.75,130.8,3.3,"熊本県北部"
"16/04/14 23:57",14,32.79,130.85,2.4,"阿蘇山周辺"
"16/04/14 23:57",14,32.79,130.85,2.3,"阿蘇山周辺"
"16/04/14 23:55",14,32.71,130.77,2.3,"熊本県中部"
"16/04/14 23:52",14,32.76,130.81,3.4,"熊本県北部"
"16/04/14 23:51",14,32.76,130.82,3.3,"熊本県北部"
"16/04/14 23:50",14,32.84,130.95,3.6,"阿蘇山周辺"
"16/04/14 23:48",14,32.72,130.78,3.3,"熊本県中部"
"16/04/14 23:43",14,32.77,130.83,5.2,"熊本県北部"
"16/04/14 23:40",14,32.7,130.75,2.9,"熊本県中部"
"16/04/14 23:38",14,32.77,130.83,2.5,"熊本県北部"
"16/04/14 23:37",14,32.75,130.8,2.8,"熊本県北部"
"16/04/14 23:37",14,32.71,130.78,2.1,"熊本県中部"
"16/04/14 23:35",14,32.68,130.76,2.2,"熊本県中部"
"16/04/14 23:28",14,32.79,130.85,4.8,"熊本県北部"
"16/04/14 23:27",14,32.75,130.79,2,"熊本県中部"
"16/04/14 23:25",14,32.74,130.79,2.5,"熊本県中部"
"16/04/14 23:23",14,32.81,130.83,2.7,"熊本県北部"
"16/04/14 23:21",14,32.78,130.83,2.5,"熊本県北部"
"16/04/14 23:19",14,32.69,130.75,2.7,"熊本県中部"
"16/04/14 23:16",14,32.68,130.74,3,"熊本県中部"
"16/04/14 23:16",14,32.68,130.75,2.3,"熊本県中部"
"16/04/14 23:15",14,32.72,130.79,2.7,"熊本県中部"
"16/04/14 23:13",14,32.71,130.76,2.6,"熊本県中部"
"16/04/14 23:13",14,32.71,130.76,2.4,"熊本県中部"
"16/04/14 23:12",14,32.73,130.8,2.6,"熊本県中部"
"16/04/14 23:10",14,32.69,130.75,3.5,"熊本県中部"
"16/04/14 23:10",14,32.78,130.82,3.2,"熊本県北部"
"16/04/14 23:07",14,32.76,130.82,2.9,"熊本県北部"
"16/04/14 23:06",14,32.7,130.75,2.5,"熊本県中部"
"16/04/14 23:03",14,32.7,130.78,3.3,"熊本県中部"
"16/04/14 23:02",14,32.78,130.81,4.1,"熊本県北部"
"16/04/14 23:01",14,32.72,130.77,2.8,"熊本県中部"
"16/04/14 23:00",14,32.69,130.73,3.7,"熊本県中部"
"16/04/14 22:59",14,32.77,130.83,2.7,"熊本県北部"
"16/04/14 22:58",14,32.69,130.75,2.8,"熊本県中部"
"16/04/14 22:57",14,32.69,130.74,3.9,"熊本県中部"
"16/04/14 22:56",14,32.74,130.8,2.3,"熊本県中部"
"16/04/14 22:55",14,32.75,130.8,2.7,"熊本県北部"
"16/04/14 22:55",14,32.71,130.76,2.2,"熊本県中部"
"16/04/14 22:52",14,32.7,130.75,3.4,"熊本県中部"
"16/04/14 22:51",14,32.68,130.75,3.8,"熊本県中部"
"16/04/14 22:50",14,32.72,130.77,3.1,"熊本県中部"
"16/04/14 22:49",14,32.74,130.77,2.8,"熊本県中部"
"16/04/14 22:49",14,32.7,130.75,3,"熊本県中部"
"16/04/14 22:48",14,32.72,130.78,,"熊本県中部"
"16/04/14 22:47",14,32.77,130.83,3.7,"熊本県北部"
"16/04/14 22:45",14,32.68,130.75,2,"熊本県中部"
"16/04/14 22:44",14,32.73,130.77,3.1,"熊本県中部"
"16/04/14 22:43",14,32.68,130.74,4.6,"熊本県中部"
"16/04/14 22:38",14,32.68,130.74,5.2,"熊本県中部"
"16/04/14 22:38",14,32.79,130.82,1.8,"熊本県北部"
"16/04/14 22:36",14,32.72,130.77,2.8,"熊本県中部"
"16/04/14 22:35",14,32.72,130.77,3.2,"熊本県中部"
"16/04/14 22:34",14,32.72,130.78,2.9,"熊本県中部"
"16/04/14 22:32",14,32.67,130.75,4.1,"熊本県中部"
"16/04/14 22:31",14,32.73,130.8,3.4,"熊本県中部"
"16/04/14 22:28",14,32.77,130.88,,"阿蘇山周辺"
"16/04/14 22:27",14,32.77,130.83,2.6,"熊本県北部"
"16/04/14 22:26",14,32.76,130.8,3.8,"熊本県北部"
"16/04/14 22:24",14,32.72,130.78,2.6,"熊本県中部"
"16/04/14 22:24",14,32.78,130.84,3.1,"熊本県北部"
"16/04/14 22:23",14,32.73,130.78,3.1,"熊本県中部"
"16/04/14 22:22",14,32.69,130.75,4.8,"熊本県中部"
"16/04/14 22:19",14,32.77,130.84,3.8,"熊本県北部"
"16/04/14 22:18",14,32.75,130.81,3.2,"熊本県北部"
"16/04/14 22:18",14,32.77,130.83,4.2,"熊本県北部"
"16/04/14 22:17",14,32.77,130.84,3.6,"熊本県北部"
"16/04/14 22:15",14,32.68,130.74,3.8,"熊本県中部"
"16/04/14 22:15",14,32.77,130.84,3.9,"熊本県北部"
"16/04/14 22:14",14,32.68,130.75,3.2,"熊本県中部"
"16/04/14 22:14",14,32.75,130.83,2.5,"熊本県中部"
"16/04/14 22:14",14,32.7,130.75,2.2,"熊本県中部"
"16/04/14 22:07",14,32.79,130.84,5.4,"熊本県北部"
"16/04/14 22:06",14,32.71,130.77,5,"熊本県中部"
"16/04/14 22:06",14,32.7,130.76,4,"熊本県中部"
"16/04/14 22:05",14,32.73,130.79,3.8,"熊本県中部"
"16/04/14 22:03",14,32.77,130.82,3.5,"熊本県北部"
"16/04/14 22:00",14,32.77,130.83,3.7,"熊本県北部"
"16/04/14 22:00",14,32.74,130.79,3.1,"熊本県中部"
"16/04/14 21:59",14,32.72,130.77,3.1,"熊本県中部"
"16/04/14 21:58",14,32.8,130.83,2.6,"熊本県北部"
"16/04/14 21:57",14,32.8,130.83,3.2,"熊本県北部"
"16/04/14 21:55",14,32.77,130.83,4,"熊本県北部"
"16/04/14 21:53",14,32.75,130.79,3.6,"熊本県北部"
"16/04/14 21:52",14,32.7,130.75,2.9,"熊本県中部"
"16/04/14 21:52",14,32.77,130.84,2.4,"熊本県北部"
"16/04/14 21:52",14,32.75,130.8,3,"熊本県北部"
"16/04/14 21:51",14,32.68,130.74,3.1,"熊本県中部"
"16/04/14 21:44",14,32.68,130.75,3.5,"熊本県中部"
"16/04/14 21:43",14,32.72,130.75,4.3,"熊本県中部"
"16/04/14 21:42",14,32.72,130.77,5,"熊本県中部"
"16/04/14 21:41",14,32.68,130.75,3.6,"熊本県中部"
"16/04/14 21:41",14,32.73,130.76,3.8,"熊本県中部"
"16/04/14 21:41",14,32.68,130.74,4.3,"熊本県中部"
"16/04/14 21:39",14,32.73,130.78,2.7,"熊本県中部"
"16/04/14 21:37",14,32.74,130.79,4,"熊本県中部"
"16/04/14 21:37",14,32.77,130.83,3,"熊本県北部"
"16/04/14 21:37",14,32.77,130.83,3,"熊本県北部"
"16/04/14 21:36",14,32.77,130.82,3.5,"熊本県北部"
"16/04/14 21:35",14,32.75,130.8,3.4,"熊本県北部"
"16/04/14 21:35",14,32.74,130.81,3.3,"熊本県中部"
"16/04/14 21:35",14,32.74,130.81,3.4,"熊本県中部"
"16/04/14 21:33",14,32.72,130.79,3.5,"熊本県中部"
"16/04/14 21:33",14,32.73,130.77,3.3,"熊本県中部"
"16/04/14 21:26",14,32.75,130.81,6.1,"熊本県中部"
